code,name,market,updated_at,added_at
000001,平安银行,sz,2026-04-02,
000002,万 科Ａ,sz,2026-04-02,
000006,深振业Ａ,sz,2026-04-02,
000007,全新好,sz,2026-04-02,
000008,神州高铁,sz,2026-04-02,
000009,中国宝安,sz,2026-04-02,
000010,美丽生态,sz,2026-04-02,
000011,深物业A,sz,2026-04-02,
000012,南 玻Ａ,sz,2026-04-02,
000014,沙河股份,sz,2026-04-02,
000016,深康佳Ａ,sz,2026-04-02,
000017,深中华A,sz,2026-04-02,
000019,深粮控股,sz,2026-04-02,
000020,深华发Ａ,sz,2026-04-02,
000021,深科技,sz,2026-04-02,
000025,特 力Ａ,sz,2026-04-02,
000026,飞亚达,sz,2026-04-02,
000027,深圳能源,sz,2026-04-02,
000028,国药一致,sz,2026-04-02,
000029,深深房Ａ,sz,2026-04-02,
000030,富奥股份,sz,2026-04-02,
000031,大悦城,sz,2026-04-02,
000032,深桑达Ａ,sz,2026-04-02,
000034,神州数码,sz,2026-04-02,
000035,中国天楹,sz,2026-04-02,
000036,华联控股,sz,2026-04-02,
000037,深南电A,sz,2026-04-02,
000039,中集集团,sz,2026-04-02,
000042,中洲控股,sz,2026-04-02,
000045,深纺织Ａ,sz,2026-04-02,
000048,京基智农,sz,2026-04-02,
000049,德赛电池,sz,2026-04-02,
000050,深天马Ａ,sz,2026-04-02,
000055,方大集团,sz,2026-04-02,
000056,皇庭国际,sz,2026-04-02,
000058,深 赛 格,sz,2026-04-02,
000059,华锦股份,sz,2026-04-02,
000060,中金岭南,sz,2026-04-02,
000061,农 产 品,sz,2026-04-02,
000062,深圳华强,sz,2026-04-02,
000063,中兴通讯,sz,2026-04-02,
000065,北方国际,sz,2026-04-02,
000066,中国长城,sz,2026-04-02,
000068,华控赛格,sz,2026-04-02,
000069,华侨城Ａ,sz,2026-04-02,
000070,特发信息,sz,2026-04-02,
000078,海王生物,sz,2026-04-02,
000088,盐 田 港,sz,2026-04-02,
000089,深圳机场,sz,2026-04-02,
000090,天健集团,sz,2026-04-02,
000096,广聚能源,sz,2026-04-02,
000099,中信海直,sz,2026-04-02,
000100,TCL科技,sz,2026-04-02,
000151,中成股份,sz,2026-04-02,
000153,丰原药业,sz,2026-04-02,
000155,川能动力,sz,2026-04-02,
000156,华数传媒,sz,2026-04-02,
000157,中联重科,sz,2026-04-02,
000158,常山北明,sz,2026-04-02,
000159,国际实业,sz,2026-04-02,
000166,申万宏源,sz,2026-04-02,
000301,东方盛虹,sz,2026-04-02,
000333,美的集团,sz,2026-04-02,
000338,潍柴动力,sz,2026-04-02,
000400,许继电气,sz,2026-04-02,
000401,金隅冀东,sz,2026-04-02,
000402,金 融 街,sz,2026-04-02,
000403,派林生物,sz,2026-04-02,
000404,长虹华意,sz,2026-04-02,
000407,胜利股份,sz,2026-04-02,
000408,藏格矿业,sz,2026-04-02,
000409,云鼎科技,sz,2026-04-02,
000410,沈阳机床,sz,2026-04-02,
000411,英特集团,sz,2026-04-02,
000415,渤海租赁,sz,2026-04-02,
000417,合百集团,sz,2026-04-02,
000419,通程控股,sz,2026-04-02,
000420,吉林化纤,sz,2026-04-02,
000421,南京公用,sz,2026-04-02,
000422,湖北宜化,sz,2026-04-02,
000423,东阿阿胶,sz,2026-04-02,
000425,徐工机械,sz,2026-04-02,
000426,兴业银锡,sz,2026-04-02,
000428,华天酒店,sz,2026-04-02,
000429,粤高速Ａ,sz,2026-04-02,
000498,山东路桥,sz,2026-04-02,
000501,武商集团,sz,2026-04-02,
000503,国新健康,sz,2026-04-02,
000505,京粮控股,sz,2026-04-02,
000506,招金黄金,sz,2026-04-02,
000507,珠海港,sz,2026-04-02,
000509,华塑控股,sz,2026-04-02,
000510,新金路,sz,2026-04-02,
000513,丽珠集团,sz,2026-04-02,
000514,渝 开 发,sz,2026-04-02,
000516,国际医学,sz,2026-04-02,
000517,荣安地产,sz,2026-04-02,
000519,中兵红箭,sz,2026-04-02,
000520,凤凰航运,sz,2026-04-02,
000521,长虹美菱,sz,2026-04-02,
000523,红棉股份,sz,2026-04-02,
000524,岭南控股,sz,2026-04-02,
000525,红太阳,sz,2026-04-02,
000526,学大教育,sz,2026-04-02,
000528,柳 工,sz,2026-04-02,
000529,广弘控股,sz,2026-04-02,
000530,冰山冷热,sz,2026-04-02,
000531,穗恒运Ａ,sz,2026-04-02,
000532,华金资本,sz,2026-04-02,
000533,顺钠股份,sz,2026-04-02,
000534,万泽股份,sz,2026-04-02,
000536,华映科技,sz,2026-04-02,
000537,绿发电力,sz,2026-04-02,
000538,云南白药,sz,2026-04-02,
000539,粤电力Ａ,sz,2026-04-02,
000541,佛山照明,sz,2026-04-02,
000543,皖能电力,sz,2026-04-02,
000544,中原环保,sz,2026-04-02,
000545,金浦钛业,sz,2026-04-02,
000546,金圆股份,sz,2026-04-02,
000547,航天发展,sz,2026-04-02,
000548,湖南投资,sz,2026-04-02,
000550,江铃汽车,sz,2026-04-02,
000551,创元科技,sz,2026-04-02,
000552,甘肃能化,sz,2026-04-02,
000553,安道麦A,sz,2026-04-02,
000554,泰山石油,sz,2026-04-02,
000555,神州信息,sz,2026-04-02,
000557,西部创业,sz,2026-04-02,
000558,天府文旅,sz,2026-04-02,
000559,万向钱潮,sz,2026-04-02,
000560,我爱我家,sz,2026-04-02,
000561,烽火电子,sz,2026-04-02,
000563,陕国投Ａ,sz,2026-04-02,
000564,供销大集,sz,2026-04-02,
000565,渝三峡Ａ,sz,2026-04-02,
000566,海南海药,sz,2026-04-02,
000567,海德股份,sz,2026-04-02,
000568,泸州老窖,sz,2026-04-02,
000570,苏常柴Ａ,sz,2026-04-02,
000571,新大洲A,sz,2026-04-02,
000572,海马汽车,sz,2026-04-02,
000573,粤宏远Ａ,sz,2026-04-02,
000576,甘化科工,sz,2026-04-02,
000581,威孚高科,sz,2026-04-02,
000582,北部湾港,sz,2026-04-02,
000586,汇源通信,sz,2026-04-02,
000589,贵州轮胎,sz,2026-04-02,
000590,古汉医药,sz,2026-04-02,
000591,太阳能,sz,2026-04-02,
000592,平潭发展,sz,2026-04-02,
000593,德龙汇能,sz,2026-04-02,
000596,古井贡酒,sz,2026-04-02,
000597,东北制药,sz,2026-04-02,
000598,兴蓉环境,sz,2026-04-02,
000599,青岛双星,sz,2026-04-02,
000600,建投能源,sz,2026-04-02,
000601,韶能股份,sz,2026-04-02,
000603,盛达资源,sz,2026-04-02,
000605,渤海股份,sz,2026-04-02,
000607,华媒控股,sz,2026-04-02,
000610,西安旅游,sz,2026-04-02,
000612,焦作万方,sz,2026-04-02,
000617,中油资本,sz,2026-04-02,
000619,海螺新材,sz,2026-04-02,
000620,盈新发展,sz,2026-04-02,
000623,吉林敖东,sz,2026-04-02,
000625,长安汽车,sz,2026-04-02,
000626,远大控股,sz,2026-04-02,
000628,高新发展,sz,2026-04-02,
000629,钒钛股份,sz,2026-04-02,
000630,铜陵有色,sz,2026-04-02,
000631,顺发恒能,sz,2026-04-02,
000632,三木集团,sz,2026-04-02,
000633,合金投资,sz,2026-04-02,
000635,英 力 特,sz,2026-04-02,
000636,风华高科,sz,2026-04-02,
000637,茂化实华,sz,2026-04-02,
000639,西王食品,sz,2026-04-02,
000650,仁和药业,sz,2026-04-02,
000651,格力电器,sz,2026-04-02,
000652,泰达股份,sz,2026-04-02,
000655,金岭矿业,sz,2026-04-02,
000657,中钨高新,sz,2026-04-02,
000659,珠海中富,sz,2026-04-02,
000661,长春高新,sz,2026-04-02,
000663,永安林业,sz,2026-04-02,
000665,湖北广电,sz,2026-04-02,
000670,盈方微,sz,2026-04-02,
000672,上峰水泥,sz,2026-04-02,
000676,智度股份,sz,2026-04-02,
000677,恒天海龙,sz,2026-04-02,
000678,襄阳轴承,sz,2026-04-02,
000679,大连友谊,sz,2026-04-02,
000680,山推股份,sz,2026-04-02,
000681,视觉中国,sz,2026-04-02,
000682,东方电子,sz,2026-04-02,
000683,博源化工,sz,2026-04-02,
000685,中山公用,sz,2026-04-02,
000686,东北证券,sz,2026-04-02,
000688,国城矿业,sz,2026-04-02,
000690,宝新能源,sz,2026-04-02,
000692,惠天热电,sz,2026-04-02,
000695,滨海能源,sz,2026-04-02,
000700,模塑科技,sz,2026-04-02,
000701,厦门信达,sz,2026-04-02,
000702,正虹科技,sz,2026-04-02,
000703,恒逸石化,sz,2026-04-02,
000705,浙江震元,sz,2026-04-02,
000707,双环科技,sz,2026-04-02,
000708,中信特钢,sz,2026-04-02,
000709,河钢股份,sz,2026-04-02,
000710,贝瑞基因,sz,2026-04-02,
000712,锦龙股份,sz,2026-04-02,
000713,国投丰乐,sz,2026-04-02,
000715,中兴商业,sz,2026-04-02,
000716,黑芝麻,sz,2026-04-02,
000717,中南股份,sz,2026-04-02,
000718,苏宁环球,sz,2026-04-02,
000719,中原传媒,sz,2026-04-02,
000720,新能泰山,sz,2026-04-02,
000721,西安饮食,sz,2026-04-02,
000722,湖南发展,sz,2026-04-02,
000723,美锦能源,sz,2026-04-02,
000725,京东方Ａ,sz,2026-04-02,
000726,鲁 泰Ａ,sz,2026-04-02,
000727,冠捷科技,sz,2026-04-02,
000728,国元证券,sz,2026-04-02,
000729,燕京啤酒,sz,2026-04-02,
000731,四川美丰,sz,2026-04-02,
000733,振华科技,sz,2026-04-02,
000735,罗 牛 山,sz,2026-04-02,
000737,北方铜业,sz,2026-04-02,
000738,航发控制,sz,2026-04-02,
000739,普洛药业,sz,2026-04-02,
000750,国海证券,sz,2026-04-02,
000751,锌业股份,sz,2026-04-02,
000753,漳州发展,sz,2026-04-02,
000755,山西高速,sz,2026-04-02,
000756,新华制药,sz,2026-04-02,
000757,浩物股份,sz,2026-04-02,
000758,中色股份,sz,2026-04-02,
000759,中百集团,sz,2026-04-02,
000761,本钢板材,sz,2026-04-02,
000762,西藏矿业,sz,2026-04-02,
000766,通化金马,sz,2026-04-02,
000767,晋控电力,sz,2026-04-02,
000768,中航西飞,sz,2026-04-02,
000776,广发证券,sz,2026-04-02,
000777,中核科技,sz,2026-04-02,
000778,新兴铸管,sz,2026-04-02,
000779,甘咨询,sz,2026-04-02,
000782,恒申新材,sz,2026-04-02,
000783,长江证券,sz,2026-04-02,
000785,居然智家,sz,2026-04-02,
000786,北新建材,sz,2026-04-02,
000788,北大医药,sz,2026-04-02,
000789,万年青,sz,2026-04-02,
000790,华神科技,sz,2026-04-02,
000791,甘肃能源,sz,2026-04-02,
000792,盐湖股份,sz,2026-04-02,
000795,英洛华,sz,2026-04-02,
000796,凯撒旅业,sz,2026-04-02,
000797,中国武夷,sz,2026-04-02,
000798,中水渔业,sz,2026-04-02,
000799,酒鬼酒,sz,2026-04-02,
000800,一汽解放,sz,2026-04-02,
000801,四川九洲,sz,2026-04-02,
000802,北京文化,sz,2026-04-02,
000803,山高环能,sz,2026-04-02,
000807,云铝股份,sz,2026-04-02,
000809,和展能源,sz,2026-04-02,
000810,创维数字,sz,2026-04-02,
000811,冰轮环境,sz,2026-04-02,
000812,陕西金叶,sz,2026-04-02,
000813,德展健康,sz,2026-04-02,
000815,美利云,sz,2026-04-02,
000816,智慧农业,sz,2026-04-02,
000818,航锦科技,sz,2026-04-02,
000819,岳阳兴长,sz,2026-04-02,
000822,山东海化,sz,2026-04-02,
000823,超声电子,sz,2026-04-02,
000825,太钢不锈,sz,2026-04-02,
000826,启迪环境,sz,2026-04-02,
000828,东莞控股,sz,2026-04-02,
000829,天音控股,sz,2026-04-02,
000830,鲁西化工,sz,2026-04-02,
000831,中国稀土,sz,2026-04-02,
000833,粤桂股份,sz,2026-04-02,
000837,秦川机床,sz,2026-04-02,
000838,财信发展,sz,2026-04-02,
000839,国安股份,sz,2026-04-02,
000848,承德露露,sz,2026-04-02,
000850,华茂股份,sz,2026-04-02,
000852,石化机械,sz,2026-04-02,
000856,冀东装备,sz,2026-04-02,
000858,五 粮 液,sz,2026-04-02,
000859,国风新材,sz,2026-04-02,
000860,顺鑫农业,sz,2026-04-02,
000862,银星能源,sz,2026-04-02,
000863,三湘印象,sz,2026-04-02,
000868,安凯客车,sz,2026-04-02,
000869,张 裕Ａ,sz,2026-04-02,
000875,电投绿能,sz,2026-04-02,
000876,新 希 望,sz,2026-04-02,
000877,天山股份,sz,2026-04-02,
000878,云南铜业,sz,2026-04-02,
000880,潍柴重机,sz,2026-04-02,
000881,中广核技,sz,2026-04-02,
000882,华联股份,sz,2026-04-02,
000883,湖北能源,sz,2026-04-02,
000885,城发环境,sz,2026-04-02,
000886,海南高速,sz,2026-04-02,
000887,中鼎股份,sz,2026-04-02,
000888,峨眉山Ａ,sz,2026-04-02,
000889,中嘉博创,sz,2026-04-02,
000890,法尔胜,sz,2026-04-02,
000892,欢瑞世纪,sz,2026-04-02,
000893,亚钾国际,sz,2026-04-02,
000895,双汇发展,sz,2026-04-02,
000897,津滨发展,sz,2026-04-02,
000898,鞍钢股份,sz,2026-04-02,
000899,赣能股份,sz,2026-04-02,
000900,现代投资,sz,2026-04-02,
000901,航天科技,sz,2026-04-02,
000902,新洋丰,sz,2026-04-02,
000905,厦门港务,sz,2026-04-02,
000906,浙商中拓,sz,2026-04-02,
000910,大亚圣象,sz,2026-04-02,
000911,广农糖业,sz,2026-04-02,
000912,泸天化,sz,2026-04-02,
000913,钱江摩托,sz,2026-04-02,
000915,华特达因,sz,2026-04-02,
000917,电广传媒,sz,2026-04-02,
000919,金陵药业,sz,2026-04-02,
000920,沃顿科技,sz,2026-04-02,
000921,海信家电,sz,2026-04-02,
000922,佳电股份,sz,2026-04-02,
000923,河钢资源,sz,2026-04-02,
000925,众合科技,sz,2026-04-02,
000926,福星股份,sz,2026-04-02,
000927,中国铁物,sz,2026-04-02,
000928,中钢国际,sz,2026-04-02,
000930,中粮科技,sz,2026-04-02,
000931,中 关 村,sz,2026-04-02,
000932,华菱钢铁,sz,2026-04-02,
000933,神火股份,sz,2026-04-02,
000935,四川双马,sz,2026-04-02,
000936,华西股份,sz,2026-04-02,
000937,冀中能源,sz,2026-04-02,
000938,紫光股份,sz,2026-04-02,
000948,南天信息,sz,2026-04-02,
000949,新乡化纤,sz,2026-04-02,
000950,重药控股,sz,2026-04-02,
000951,中国重汽,sz,2026-04-02,
000952,广济药业,sz,2026-04-02,
000953,河化股份,sz,2026-04-02,
000955,欣龙控股,sz,2026-04-02,
000957,中通客车,sz,2026-04-02,
000958,电投产融,sz,2026-04-02,
000959,首钢股份,sz,2026-04-02,
000960,锡业股份,sz,2026-04-02,
000962,东方钽业,sz,2026-04-02,
000963,华东医药,sz,2026-04-02,
000965,天保基建,sz,2026-04-02,
000966,长源电力,sz,2026-04-02,
000967,盈峰环境,sz,2026-04-02,
000968,蓝焰控股,sz,2026-04-02,
000969,安泰科技,sz,2026-04-02,
000970,中科三环,sz,2026-04-02,
000973,佛塑科技,sz,2026-04-02,
000975,山金国际,sz,2026-04-02,
000977,浪潮信息,sz,2026-04-02,
000978,桂林旅游,sz,2026-04-02,
000980,众泰汽车,sz,2026-04-02,
000981,山子高科,sz,2026-04-02,
000983,山西焦煤,sz,2026-04-02,
000985,大庆华科,sz,2026-04-02,
000987,越秀资本,sz,2026-04-02,
000988,华工科技,sz,2026-04-02,
000989,九芝堂,sz,2026-04-02,
000990,诚志股份,sz,2026-04-02,
000993,闽东电力,sz,2026-04-02,
000995,皇台酒业,sz,2026-04-02,
000997,新 大 陆,sz,2026-04-02,
000998,隆平高科,sz,2026-04-02,
000999,华润三九,sz,2026-04-02,
001201,东瑞股份,sz,2026-04-02,
001202,炬申股份,sz,2026-04-02,
001203,大中矿业,sz,2026-04-02,
001205,盛航股份,sz,2026-04-02,
001206,依依股份,sz,2026-04-02,
001207,联科科技,sz,2026-04-02,
001208,华菱线缆,sz,2026-04-02,
001209,洪兴股份,sz,2026-04-02,
001210,金房能源,sz,2026-04-02,
001211,双枪科技,sz,2026-04-02,
001212,中旗新材,sz,2026-04-02,
001213,中铁特货,sz,2026-04-02,
001215,千味央厨,sz,2026-04-02,
001216,华瓷股份,sz,2026-04-02,
001217,华尔泰,sz,2026-04-02,
001218,丽臣实业,sz,2026-04-02,
001219,青岛食品,sz,2026-04-02,
001220,世盟股份,sz,2026-04-02,
001221,悍高集团,sz,2026-04-02,
001222,源飞宠物,sz,2026-04-02,
001223,欧克科技,sz,2026-04-02,
001225,和泰机电,sz,2026-04-02,
001226,拓山重工,sz,2026-04-02,
001227,兰州银行,sz,2026-04-02,
001228,永泰运,sz,2026-04-02,
001229,魅视科技,sz,2026-04-02,
001230,劲旅环境,sz,2026-04-02,
001231,农心科技,sz,2026-04-02,
001233,海安集团,sz,2026-04-02,
001234,泰慕士,sz,2026-04-02,
001236,弘业期货,sz,2026-04-02,
001238,浙江正特,sz,2026-04-02,
001239,永达股份,sz,2026-04-02,
001255,博菲电气,sz,2026-04-02,
001256,炜冈科技,sz,2026-04-02,
001257,C盛龙,sz,2026-04-02,
001258,立新能源,sz,2026-04-02,
001259,利仁科技,sz,2026-04-02,
001260,坤泰股份,sz,2026-04-02,
001266,宏英智能,sz,2026-04-02,
001267,汇绿生态,sz,2026-04-02,
001268,联合精密,sz,2026-04-02,
001269,欧晶科技,sz,2026-04-02,
001277,速达股份,sz,2026-04-02,
001278,一彬科技,sz,2026-04-02,
001279,强邦新材,sz,2026-04-02,
001280,中国铀业,sz,2026-04-02,
001282,三联锻造,sz,2026-04-02,
001283,豪鹏科技,sz,2026-04-02,
001285,瑞立科密,sz,2026-04-02,
001286,陕西能源,sz,2026-04-02,
001287,中电港,sz,2026-04-02,
001288,运机集团,sz,2026-04-02,
001289,龙源电力,sz,2026-04-02,
001296,长江材料,sz,2026-04-02,
001298,好上好,sz,2026-04-02,
001299,美能能源,sz,2026-04-02,
001300,三柏硕,sz,2026-04-02,
001301,尚太科技,sz,2026-04-02,
001306,夏厦精密,sz,2026-04-02,
001308,康冠科技,sz,2026-04-02,
001309,德明利,sz,2026-04-02,
001311,多利科技,sz,2026-04-02,
001313,粤海饲料,sz,2026-04-02,
001314,亿道信息,sz,2026-04-02,
001316,润贝航科,sz,2026-04-02,
001317,三羊马,sz,2026-04-02,
001318,阳光乳业,sz,2026-04-02,
001319,铭科精技,sz,2026-04-02,
001322,箭牌家居,sz,2026-04-02,
001323,慕思股份,sz,2026-04-02,
001324,长青科技,sz,2026-04-02,
001325,元创股份,sz,2026-04-02,
001326,联域股份,sz,2026-04-02,
001328,登康口腔,sz,2026-04-02,
001330,博纳影业,sz,2026-04-02,
001331,胜通能源,sz,2026-04-02,
001332,锡装股份,sz,2026-04-02,
001333,光华股份,sz,2026-04-02,
001335,信凯科技,sz,2026-04-02,
001336,楚环科技,sz,2026-04-02,
001337,四川黄金,sz,2026-04-02,
001338,永顺泰,sz,2026-04-02,
001339,智微智能,sz,2026-04-02,
001356,富岭股份,sz,2026-04-02,
001358,兴欣新材,sz,2026-04-02,
001359,平安电工,sz,2026-04-02,
001360,南矿集团,sz,2026-04-02,
001366,播恩集团,sz,2026-04-02,
001367,海森药业,sz,2026-04-02,
001368,通达创智,sz,2026-04-02,
001369,双欣材料,sz,2026-04-02,
001373,翔腾新材,sz,2026-04-02,
001376,百通能源,sz,2026-04-02,
001378,德冠新材,sz,2026-04-02,
001379,腾达科技,sz,2026-04-02,
001380,华纬科技,sz,2026-04-02,
001382,新亚电缆,sz,2026-04-02,
001386,马可波罗,sz,2026-04-02,
001387,雪祺电气,sz,2026-04-02,
001388,信通电子,sz,2026-04-02,
001389,广合科技,sz,2026-04-02,
001390,古麒绒材,sz,2026-04-02,
001391,国货航,sz,2026-04-02,
001395,亚联机械,sz,2026-04-02,
001396,誉帆科技,sz,2026-04-02,
001400,江顺科技,sz,2026-04-02,
001696,宗申动力,sz,2026-04-02,
001872,招商港口,sz,2026-04-02,
001896,豫能控股,sz,2026-04-02,
001914,招商积余,sz,2026-04-02,
001965,招商公路,sz,2026-04-02,
001979,招商蛇口,sz,2026-04-02,
002001,新 和 成,sz,2026-04-02,
002003,伟星股份,sz,2026-04-02,
002004,华邦健康,sz,2026-04-02,
002006,精工科技,sz,2026-04-02,
002007,华兰生物,sz,2026-04-02,
002008,大族激光,sz,2026-04-02,
002009,天奇股份,sz,2026-04-02,
002010,传化智联,sz,2026-04-02,
002011,盾安环境,sz,2026-04-02,
002012,凯恩股份,sz,2026-04-02,
002014,永新股份,sz,2026-04-02,
002015,协鑫能科,sz,2026-04-02,
002016,世荣兆业,sz,2026-04-02,
002017,东信和平,sz,2026-04-02,
002019,亿帆医药,sz,2026-04-02,
002020,京新药业,sz,2026-04-02,
002021,中捷资源,sz,2026-04-02,
002022,科华生物,sz,2026-04-02,
002023,海特高新,sz,2026-04-02,
002025,航天电器,sz,2026-04-02,
002026,山东威达,sz,2026-04-02,
002027,分众传媒,sz,2026-04-02,
002028,思源电气,sz,2026-04-02,
002029,七 匹 狼,sz,2026-04-02,
002030,达安基因,sz,2026-04-02,
002031,巨轮智能,sz,2026-04-02,
002032,苏 泊 尔,sz,2026-04-02,
002033,丽江股份,sz,2026-04-02,
002034,旺能环境,sz,2026-04-02,
002035,华帝股份,sz,2026-04-02,
002036,联创电子,sz,2026-04-02,
002037,保利联合,sz,2026-04-02,
002038,双鹭药业,sz,2026-04-02,
002039,黔源电力,sz,2026-04-02,
002040,南 京 港,sz,2026-04-02,
002041,登海种业,sz,2026-04-02,
002042,华孚时尚,sz,2026-04-02,
002043,兔 宝 宝,sz,2026-04-02,
002044,美年健康,sz,2026-04-02,
002045,国光电器,sz,2026-04-02,
002046,国机精工,sz,2026-04-02,
002048,宁波华翔,sz,2026-04-02,
002049,紫光国微,sz,2026-04-02,
002050,三花智控,sz,2026-04-02,
002051,中工国际,sz,2026-04-02,
002052,同洲电子,sz,2026-04-02,
002053,云南能投,sz,2026-04-02,
002054,德美化工,sz,2026-04-02,
002056,横店东磁,sz,2026-04-02,
002057,中钢天源,sz,2026-04-02,
002059,云南旅游,sz,2026-04-02,
002060,广东建工,sz,2026-04-02,
002061,浙江交科,sz,2026-04-02,
002062,宏润建设,sz,2026-04-02,
002063,远光软件,sz,2026-04-02,
002064,华峰化学,sz,2026-04-02,
002065,东华软件,sz,2026-04-02,
002066,瑞泰科技,sz,2026-04-02,
002067,景兴纸业,sz,2026-04-02,
002068,黑猫股份,sz,2026-04-02,
002069,獐子岛,sz,2026-04-02,
002072,凯瑞德,sz,2026-04-02,
002073,软控股份,sz,2026-04-02,
002074,国轩高科,sz,2026-04-02,
002075,沙钢股份,sz,2026-04-02,
002077,大港股份,sz,2026-04-02,
002078,太阳纸业,sz,2026-04-02,
002079,苏州固锝,sz,2026-04-02,
002080,中材科技,sz,2026-04-02,
002081,金 螳 螂,sz,2026-04-02,
002082,万邦德,sz,2026-04-02,
002083,孚日股份,sz,2026-04-02,
002084,海鸥住工,sz,2026-04-02,
002085,万丰奥威,sz,2026-04-02,
002086,东方海洋,sz,2026-04-02,
002088,鲁阳节能,sz,2026-04-02,
002090,金智科技,sz,2026-04-02,
002091,江苏国泰,sz,2026-04-02,
002092,中泰化学,sz,2026-04-02,
002093,国脉科技,sz,2026-04-02,
002094,青岛金王,sz,2026-04-02,
002095,生 意 宝,sz,2026-04-02,
002096,易普力,sz,2026-04-02,
002097,山河智能,sz,2026-04-02,
002098,浔兴股份,sz,2026-04-02,
002099,海翔药业,sz,2026-04-02,
002100,天康生物,sz,2026-04-02,
002101,广东鸿图,sz,2026-04-02,
002102,能特科技,sz,2026-04-02,
002103,广博股份,sz,2026-04-02,
002104,恒宝股份,sz,2026-04-02,
002105,信隆健康,sz,2026-04-02,
002106,莱宝高科,sz,2026-04-02,
002107,沃华医药,sz,2026-04-02,
002108,沧州明珠,sz,2026-04-02,
002109,兴化股份,sz,2026-04-02,
002110,三钢闽光,sz,2026-04-02,
002111,威海广泰,sz,2026-04-02,
002112,三变科技,sz,2026-04-02,
002114,罗平锌电,sz,2026-04-02,
002115,三维通信,sz,2026-04-02,
002116,中国海诚,sz,2026-04-02,
002117,东港股份,sz,2026-04-02,
002119,康强电子,sz,2026-04-02,
002120,韵达股份,sz,2026-04-02,
002121,科陆电子,sz,2026-04-02,
002123,梦网科技,sz,2026-04-02,
002124,天邦食品,sz,2026-04-02,
002125,湘潭电化,sz,2026-04-02,
002126,银轮股份,sz,2026-04-02,
002127,南极电商,sz,2026-04-02,
002128,电投能源,sz,2026-04-02,
002129,TCL中环,sz,2026-04-02,
002130,沃尔核材,sz,2026-04-02,
002131,利欧股份,sz,2026-04-02,
002132,恒星科技,sz,2026-04-02,
002133,广宇集团,sz,2026-04-02,
002134,天津普林,sz,2026-04-02,
002135,东南网架,sz,2026-04-02,
002136,安 纳 达,sz,2026-04-02,
002137,实益达,sz,2026-04-02,
002138,顺络电子,sz,2026-04-02,
002139,拓邦股份,sz,2026-04-02,
002140,东华科技,sz,2026-04-02,
002141,贤丰控股,sz,2026-04-02,
002142,宁波银行,sz,2026-04-02,
002144,宏达高科,sz,2026-04-02,
002145,钛能化学,sz,2026-04-02,
002146,荣盛发展,sz,2026-04-02,
002148,北纬科技,sz,2026-04-02,
002149,西部材料,sz,2026-04-02,
002150,正泰电源,sz,2026-04-02,
002151,北斗星通,sz,2026-04-02,
002152,广电运通,sz,2026-04-02,
002153,石基信息,sz,2026-04-02,
002154,报 喜 鸟,sz,2026-04-02,
002155,湖南黄金,sz,2026-04-02,
002156,通富微电,sz,2026-04-02,
002157,正邦科技,sz,2026-04-02,
002158,汉钟精机,sz,2026-04-02,
002159,三特索道,sz,2026-04-02,
002160,常铝股份,sz,2026-04-02,
002161,远 望 谷,sz,2026-04-02,
002162,悦心健康,sz,2026-04-02,
002163,海南发展,sz,2026-04-02,
002164,宁波东力,sz,2026-04-02,
002165,红 宝 丽,sz,2026-04-02,
002166,莱茵生物,sz,2026-04-02,
002167,东方锆业,sz,2026-04-02,
002169,智光电气,sz,2026-04-02,
002170,芭田股份,sz,2026-04-02,
002171,楚江新材,sz,2026-04-02,
002172,澳洋健康,sz,2026-04-02,
002173,创新医疗,sz,2026-04-02,
002174,游族网络,sz,2026-04-02,
002175,东方智造,sz,2026-04-02,
002176,江特电机,sz,2026-04-02,
002177,御银股份,sz,2026-04-02,
002178,延华智能,sz,2026-04-02,
002179,中航光电,sz,2026-04-02,
002180,纳思达,sz,2026-04-02,
002181,粤 传 媒,sz,2026-04-02,
002182,宝武镁业,sz,2026-04-02,
002183,怡 亚 通,sz,2026-04-02,
002184,海得控制,sz,2026-04-02,
002185,华天科技,sz,2026-04-02,
002186,全 聚 德,sz,2026-04-02,
002187,广百股份,sz,2026-04-02,
002188,中天服务,sz,2026-04-02,
002189,中光学,sz,2026-04-02,
002190,成飞集成,sz,2026-04-02,
002191,劲嘉股份,sz,2026-04-02,
002192,融捷股份,sz,2026-04-02,
002193,如意集团,sz,2026-04-02,
002194,武汉凡谷,sz,2026-04-02,
002195,岩山科技,sz,2026-04-02,
002196,方正电机,sz,2026-04-02,
002197,证通电子,sz,2026-04-02,
002198,嘉应制药,sz,2026-04-02,
002201,九鼎新材,sz,2026-04-02,
002202,金风科技,sz,2026-04-02,
002203,海亮股份,sz,2026-04-02,
002204,大连重工,sz,2026-04-02,
002205,国统股份,sz,2026-04-02,
002206,海 利 得,sz,2026-04-02,
002207,准油股份,sz,2026-04-02,
002208,合肥城建,sz,2026-04-02,
002209,达 意 隆,sz,2026-04-02,
002210,飞马国际,sz,2026-04-02,
002212,天融信,sz,2026-04-02,
002213,大为股份,sz,2026-04-02,
002215,诺 普 信,sz,2026-04-02,
002216,三全食品,sz,2026-04-02,
002217,合力泰,sz,2026-04-02,
002218,拓日新能,sz,2026-04-02,
002219,新里程,sz,2026-04-02,
002221,东华能源,sz,2026-04-02,
002222,福晶科技,sz,2026-04-02,
002223,鱼跃医疗,sz,2026-04-02,
002224,三 力 士,sz,2026-04-02,
002225,濮耐股份,sz,2026-04-02,
002226,江南化工,sz,2026-04-02,
002227,奥 特 迅,sz,2026-04-02,
002228,合兴包装,sz,2026-04-02,
002229,鸿博股份,sz,2026-04-02,
002230,科大讯飞,sz,2026-04-02,
002232,启明信息,sz,2026-04-02,
002233,塔牌集团,sz,2026-04-02,
002234,民和股份,sz,2026-04-02,
002235,安妮股份,sz,2026-04-02,
002236,大华股份,sz,2026-04-02,
002237,恒邦股份,sz,2026-04-02,
002238,天威视讯,sz,2026-04-02,
002239,奥特佳,sz,2026-04-02,
002240,盛新锂能,sz,2026-04-02,
002241,歌尔股份,sz,2026-04-02,
002242,九阳股份,sz,2026-04-02,
002243,力合科创,sz,2026-04-02,
002244,滨江集团,sz,2026-04-02,
002245,蔚蓝锂芯,sz,2026-04-02,
002246,北化股份,sz,2026-04-02,
002247,聚力文化,sz,2026-04-02,
002248,华东数控,sz,2026-04-02,
002249,大洋电机,sz,2026-04-02,
002250,联化科技,sz,2026-04-02,
002251,步步高,sz,2026-04-02,
002252,上海莱士,sz,2026-04-02,
002254,泰和新材,sz,2026-04-02,
002255,海陆重工,sz,2026-04-02,
002256,兆新股份,sz,2026-04-02,
002258,利尔化学,sz,2026-04-02,
002259,升达林业,sz,2026-04-02,
002261,拓维信息,sz,2026-04-02,
002262,恩华药业,sz,2026-04-02,
002263,大东南,sz,2026-04-02,
002264,新 华 都,sz,2026-04-02,
002265,建设工业,sz,2026-04-02,
002266,浙富控股,sz,2026-04-02,
002267,陕天然气,sz,2026-04-02,
002268,电科网安,sz,2026-04-02,
002269,美邦服饰,sz,2026-04-02,
002270,华明装备,sz,2026-04-02,
002271,东方雨虹,sz,2026-04-02,
002272,川润股份,sz,2026-04-02,
002273,水晶光电,sz,2026-04-02,
002274,华昌化工,sz,2026-04-02,
002275,桂林三金,sz,2026-04-02,
002276,万马股份,sz,2026-04-02,
002277,友阿股份,sz,2026-04-02,
002278,神开股份,sz,2026-04-02,
002279,久其软件,sz,2026-04-02,
002281,光迅科技,sz,2026-04-02,
002282,博深股份,sz,2026-04-02,
002283,天润工业,sz,2026-04-02,
002284,亚太股份,sz,2026-04-02,
002285,世联行,sz,2026-04-02,
002286,保龄宝,sz,2026-04-02,
002287,奇正藏药,sz,2026-04-02,
002290,禾盛新材,sz,2026-04-02,
002291,遥望科技,sz,2026-04-02,
002292,奥飞娱乐,sz,2026-04-02,
002293,罗莱生活,sz,2026-04-02,
002294,信立泰,sz,2026-04-02,
002295,精艺股份,sz,2026-04-02,
002296,辉煌科技,sz,2026-04-02,
002297,博云新材,sz,2026-04-02,
002298,中电鑫龙,sz,2026-04-02,
002299,圣农发展,sz,2026-04-02,
002300,太阳电缆,sz,2026-04-02,
002301,齐心集团,sz,2026-04-02,
002302,西部建设,sz,2026-04-02,
002303,美盈森,sz,2026-04-02,
002304,洋河股份,sz,2026-04-02,
002307,北新路桥,sz,2026-04-02,
002309,中利集团,sz,2026-04-02,
002310,东方新能,sz,2026-04-02,
002311,海大集团,sz,2026-04-02,
002312,川发龙蟒,sz,2026-04-02,
002313,日海智能,sz,2026-04-02,
002314,南山控股,sz,2026-04-02,
002315,焦点科技,sz,2026-04-02,
002316,亚联发展,sz,2026-04-02,
002317,众生药业,sz,2026-04-02,
002318,久立特材,sz,2026-04-02,
002319,乐通股份,sz,2026-04-02,
002320,海峡股份,sz,2026-04-02,
002321,华英农业,sz,2026-04-02,
002322,理工能科,sz,2026-04-02,
002323,雅博股份,sz,2026-04-02,
002324,普利特,sz,2026-04-02,
002326,永太科技,sz,2026-04-02,
002327,富安娜,sz,2026-04-02,
002328,新朋股份,sz,2026-04-02,
002329,皇氏集团,sz,2026-04-02,
002330,得利斯,sz,2026-04-02,
002331,皖通科技,sz,2026-04-02,
002332,仙琚制药,sz,2026-04-02,
002333,罗普斯金,sz,2026-04-02,
002334,英威腾,sz,2026-04-02,
002335,科华数据,sz,2026-04-02,
002337,赛象科技,sz,2026-04-02,
002338,奥普光电,sz,2026-04-02,
002339,积成电子,sz,2026-04-02,
002340,格林美,sz,2026-04-02,
002342,巨力索具,sz,2026-04-02,
002343,慈文传媒,sz,2026-04-02,
002344,海宁皮城,sz,2026-04-02,
002345,潮宏基,sz,2026-04-02,
002346,柘中股份,sz,2026-04-02,
002347,泰尔股份,sz,2026-04-02,
002348,高乐股份,sz,2026-04-02,
002349,精华制药,sz,2026-04-02,
002350,北京科锐,sz,2026-04-02,
002351,漫步者,sz,2026-04-02,
002352,顺丰控股,sz,2026-04-02,
002353,杰瑞股份,sz,2026-04-02,
002354,天娱数科,sz,2026-04-02,
002355,兴民智通,sz,2026-04-02,
002356,赫美集团,sz,2026-04-02,
002357,富临运业,sz,2026-04-02,
002358,森源电气,sz,2026-04-02,
002360,同德化工,sz,2026-04-02,
002361,神剑股份,sz,2026-04-02,
002362,汉王科技,sz,2026-04-02,
002363,隆基机械,sz,2026-04-02,
002364,中恒电气,sz,2026-04-02,
002365,永安药业,sz,2026-04-02,
002366,融发核电,sz,2026-04-02,
002367,康力电梯,sz,2026-04-02,
002368,太极股份,sz,2026-04-02,
002369,卓翼科技,sz,2026-04-02,
002370,亚太药业,sz,2026-04-02,
002371,北方华创,sz,2026-04-02,
002372,伟星新材,sz,2026-04-02,
002373,千方科技,sz,2026-04-02,
002374,中锐股份,sz,2026-04-02,
002375,亚厦股份,sz,2026-04-02,
002376,新北洋,sz,2026-04-02,
002377,国创高新,sz,2026-04-02,
002378,章源钨业,sz,2026-04-02,
002379,宏桥控股,sz,2026-04-02,
002380,科远智慧,sz,2026-04-02,
002381,双箭股份,sz,2026-04-02,
002382,蓝帆医疗,sz,2026-04-02,
002383,合众思壮,sz,2026-04-02,
002384,东山精密,sz,2026-04-02,
002385,大北农,sz,2026-04-02,
002386,天原股份,sz,2026-04-02,
002387,维信诺,sz,2026-04-02,
002388,新亚制程,sz,2026-04-02,
002389,航天彩虹,sz,2026-04-02,
002390,信邦制药,sz,2026-04-02,
002391,长青股份,sz,2026-04-02,
002392,北京利尔,sz,2026-04-02,
002393,力生制药,sz,2026-04-02,
002394,联发股份,sz,2026-04-02,
002395,双象股份,sz,2026-04-02,
002396,星网锐捷,sz,2026-04-02,
002397,梦洁股份,sz,2026-04-02,
002398,垒知集团,sz,2026-04-02,
002399,海普瑞,sz,2026-04-02,
002400,省广集团,sz,2026-04-02,
002401,中远海科,sz,2026-04-02,
002402,和而泰,sz,2026-04-02,
002403,爱仕达,sz,2026-04-02,
002404,嘉欣丝绸,sz,2026-04-02,
002405,四维图新,sz,2026-04-02,
002406,远东传动,sz,2026-04-02,
002407,多氟多,sz,2026-04-02,
002408,齐翔腾达,sz,2026-04-02,
002409,雅克科技,sz,2026-04-02,
002410,广联达,sz,2026-04-02,
002412,汉森制药,sz,2026-04-02,
002413,雷科防务,sz,2026-04-02,
002414,高德红外,sz,2026-04-02,
002415,海康威视,sz,2026-04-02,
002416,爱施德,sz,2026-04-02,
002418,康盛股份,sz,2026-04-02,
002419,天虹股份,sz,2026-04-02,
002420,毅昌科技,sz,2026-04-02,
002421,达实智能,sz,2026-04-02,
002422,科伦药业,sz,2026-04-02,
002423,中粮资本,sz,2026-04-02,
002425,凯撒文化,sz,2026-04-02,
002426,胜利精密,sz,2026-04-02,
002427,尤夫股份,sz,2026-04-02,
002428,云南锗业,sz,2026-04-02,
002429,兆驰股份,sz,2026-04-02,
002430,杭氧股份,sz,2026-04-02,
002431,棕榈股份,sz,2026-04-02,
002432,九安医疗,sz,2026-04-02,
002434,万里扬,sz,2026-04-02,
002436,兴森科技,sz,2026-04-02,
002437,誉衡药业,sz,2026-04-02,
002438,江苏神通,sz,2026-04-02,
002439,启明星辰,sz,2026-04-02,
002440,闰土股份,sz,2026-04-02,
002441,众业达,sz,2026-04-02,
002442,龙星科技,sz,2026-04-02,
002443,金洲管道,sz,2026-04-02,
002444,巨星科技,sz,2026-04-02,
002445,中南文化,sz,2026-04-02,
002446,盛路通信,sz,2026-04-02,
002448,中原内配,sz,2026-04-02,
002449,国星光电,sz,2026-04-02,
002451,摩恩电气,sz,2026-04-02,
002452,长高电新,sz,2026-04-02,
002453,华软科技,sz,2026-04-02,
002454,松芝股份,sz,2026-04-02,
002455,百川股份,sz,2026-04-02,
002456,欧菲光,sz,2026-04-02,
002457,青龙管业,sz,2026-04-02,
002458,益生股份,sz,2026-04-02,
002459,晶澳科技,sz,2026-04-02,
002460,赣锋锂业,sz,2026-04-02,
002461,珠江啤酒,sz,2026-04-02,
002462,嘉事堂,sz,2026-04-02,
002463,沪电股份,sz,2026-04-02,
002465,海格通信,sz,2026-04-02,
002466,天齐锂业,sz,2026-04-02,
002467,二六三,sz,2026-04-02,
002468,申通快递,sz,2026-04-02,
002469,三维化学,sz,2026-04-02,
002470,金正大,sz,2026-04-02,
002471,中超控股,sz,2026-04-02,
002472,双环传动,sz,2026-04-02,
002474,榕基软件,sz,2026-04-02,
002475,立讯精密,sz,2026-04-02,
002476,宝莫股份,sz,2026-04-02,
002478,常宝股份,sz,2026-04-02,
002479,富春环保,sz,2026-04-02,
002480,新筑股份,sz,2026-04-02,
002481,双塔食品,sz,2026-04-02,
002482,广田集团,sz,2026-04-02,
002483,润邦股份,sz,2026-04-02,
002484,江海股份,sz,2026-04-02,
002486,嘉麟杰,sz,2026-04-02,
002487,大金重工,sz,2026-04-02,
002488,金固股份,sz,2026-04-02,
002489,浙江永强,sz,2026-04-02,
002490,山东墨龙,sz,2026-04-02,
002491,通鼎互联,sz,2026-04-02,
002492,恒基达鑫,sz,2026-04-02,
002493,荣盛石化,sz,2026-04-02,
002494,华斯股份,sz,2026-04-02,
002495,佳隆股份,sz,2026-04-02,
002497,雅化集团,sz,2026-04-02,
002498,汉缆股份,sz,2026-04-02,
002500,山西证券,sz,2026-04-02,
002501,利源股份,sz,2026-04-02,
002506,协鑫集成,sz,2026-04-02,
002507,涪陵榨菜,sz,2026-04-02,
002508,老板电器,sz,2026-04-02,
002510,天汽模,sz,2026-04-02,
002511,中顺洁柔,sz,2026-04-02,
002513,蓝丰生化,sz,2026-04-02,
002514,宝馨科技,sz,2026-04-02,
002515,金字火腿,sz,2026-04-02,
002516,旷达科技,sz,2026-04-02,
002517,恺英网络,sz,2026-04-02,
002518,科士达,sz,2026-04-02,
002519,银河电子,sz,2026-04-02,
002520,日发精机,sz,2026-04-02,
002521,齐峰新材,sz,2026-04-02,
002522,浙江众成,sz,2026-04-02,
002523,天桥起重,sz,2026-04-02,
002524,光正眼科,sz,2026-04-02,
002526,山东矿机,sz,2026-04-02,
002527,新时达,sz,2026-04-02,
002530,金财互联,sz,2026-04-02,
002531,天顺风能,sz,2026-04-02,
002532,天山铝业,sz,2026-04-02,
002533,金杯电工,sz,2026-04-02,
002534,西子洁能,sz,2026-04-02,
002535,林州重机,sz,2026-04-02,
002536,飞龙股份,sz,2026-04-02,
002537,海联金汇,sz,2026-04-02,
002539,云图控股,sz,2026-04-02,
002540,亚太科技,sz,2026-04-02,
002541,鸿路钢构,sz,2026-04-02,
002542,中化岩土,sz,2026-04-02,
002543,万和电气,sz,2026-04-02,
002544,普天科技,sz,2026-04-02,
002545,东方铁塔,sz,2026-04-02,
002546,新联电子,sz,2026-04-02,
002547,春兴精工,sz,2026-04-02,
002548,金新农,sz,2026-04-02,
002549,凯美特气,sz,2026-04-02,
002550,千红制药,sz,2026-04-02,
002551,尚荣医疗,sz,2026-04-02,
002552,宝鼎科技,sz,2026-04-02,
002553,南方精工,sz,2026-04-02,
002554,惠博普,sz,2026-04-02,
002555,三七互娱,sz,2026-04-02,
002556,辉隆股份,sz,2026-04-02,
002557,洽洽食品,sz,2026-04-02,
002558,巨人网络,sz,2026-04-02,
002559,亚威股份,sz,2026-04-02,
002560,通达股份,sz,2026-04-02,
002561,徐家汇,sz,2026-04-02,
002562,兄弟科技,sz,2026-04-02,
002563,森马服饰,sz,2026-04-02,
002564,天沃科技,sz,2026-04-02,
002565,顺灏股份,sz,2026-04-02,
002566,益盛药业,sz,2026-04-02,
002567,唐人神,sz,2026-04-02,
002568,百润股份,sz,2026-04-02,
002570,贝因美,sz,2026-04-02,
002571,德力股份,sz,2026-04-02,
002572,索菲亚,sz,2026-04-02,
002573,清新环境,sz,2026-04-02,
002574,明牌珠宝,sz,2026-04-02,
002575,群兴玩具,sz,2026-04-02,
002576,通达动力,sz,2026-04-02,
002577,雷柏科技,sz,2026-04-02,
002578,闽发铝业,sz,2026-04-02,
002579,中京电子,sz,2026-04-02,
002580,圣阳股份,sz,2026-04-02,
002582,好想你,sz,2026-04-02,
002583,海能达,sz,2026-04-02,
002584,西陇科学,sz,2026-04-02,
002585,双星新材,sz,2026-04-02,
002587,奥拓电子,sz,2026-04-02,
002588,史丹利,sz,2026-04-02,
002589,瑞康医药,sz,2026-04-02,
002590,万安科技,sz,2026-04-02,
002591,恒大高新,sz,2026-04-02,
002593,日上集团,sz,2026-04-02,
002594,比亚迪,sz,2026-04-02,
002595,豪迈科技,sz,2026-04-02,
002596,海南瑞泽,sz,2026-04-02,
002597,金禾实业,sz,2026-04-02,
002599,盛通股份,sz,2026-04-02,
002600,领益智造,sz,2026-04-02,
002601,龙佰集团,sz,2026-04-02,
002602,世纪华通,sz,2026-04-02,
002603,以岭药业,sz,2026-04-02,
002605,姚记科技,sz,2026-04-02,
002606,大连电瓷,sz,2026-04-02,
002607,中公教育,sz,2026-04-02,
002608,江苏国信,sz,2026-04-02,
002609,捷顺科技,sz,2026-04-02,
002611,东方精工,sz,2026-04-02,
002612,朗姿股份,sz,2026-04-02,
002613,北玻股份,sz,2026-04-02,
002614,奥佳华,sz,2026-04-02,
002615,哈尔斯,sz,2026-04-02,
002616,长青集团,sz,2026-04-02,
002617,露笑科技,sz,2026-04-02,
002622,皓宸医疗,sz,2026-04-02,
002623,亚玛顿,sz,2026-04-02,
002624,完美世界,sz,2026-04-02,
002625,光启技术,sz,2026-04-02,
002626,金达威,sz,2026-04-02,
002627,三峡旅游,sz,2026-04-02,
002628,成都路桥,sz,2026-04-02,
002629,仁智股份,sz,2026-04-02,
002631,德尔未来,sz,2026-04-02,
002632,道明光学,sz,2026-04-02,
002633,申科股份,sz,2026-04-02,
002634,棒杰股份,sz,2026-04-02,
002635,安洁科技,sz,2026-04-02,
002636,金安国纪,sz,2026-04-02,
002637,赞宇科技,sz,2026-04-02,
002638,勤上股份,sz,2026-04-02,
002639,雪人集团,sz,2026-04-02,
002640,跨境通,sz,2026-04-02,
002641,公元股份,sz,2026-04-02,
002642,荣联科技,sz,2026-04-02,
002643,万润股份,sz,2026-04-02,
002644,佛慈制药,sz,2026-04-02,
002645,华宏科技,sz,2026-04-02,
002646,天佑德酒,sz,2026-04-02,
002648,卫星化学,sz,2026-04-02,
002649,博彦科技,sz,2026-04-02,
002651,利君股份,sz,2026-04-02,
002652,扬子新材,sz,2026-04-02,
002653,海思科,sz,2026-04-02,
002654,万润科技,sz,2026-04-02,
002655,共达电声,sz,2026-04-02,
002657,中科金财,sz,2026-04-02,
002658,雪迪龙,sz,2026-04-02,
002659,凯文教育,sz,2026-04-02,
002660,茂硕电源,sz,2026-04-02,
002661,克明食品,sz,2026-04-02,
002662,峰璟股份,sz,2026-04-02,
002663,普邦股份,sz,2026-04-02,
002664,信质集团,sz,2026-04-02,
002666,德联集团,sz,2026-04-02,
002667,威领股份,sz,2026-04-02,
002668,TCL智家,sz,2026-04-02,
002669,康达新材,sz,2026-04-02,
002670,国盛证券,sz,2026-04-02,
002671,龙泉股份,sz,2026-04-02,
002672,东江环保,sz,2026-04-02,
002673,西部证券,sz,2026-04-02,
002674,兴业科技,sz,2026-04-02,
002675,东诚药业,sz,2026-04-02,
002676,顺威股份,sz,2026-04-02,
002677,浙江美大,sz,2026-04-02,
002678,珠江钢琴,sz,2026-04-02,
002679,福建金森,sz,2026-04-02,
002681,奋达科技,sz,2026-04-02,
002682,龙洲股份,sz,2026-04-02,
002683,广东宏大,sz,2026-04-02,
002685,华东重机,sz,2026-04-02,
002686,亿利达,sz,2026-04-02,
002687,乔治白,sz,2026-04-02,
002688,金河生物,sz,2026-04-02,
002690,美亚光电,sz,2026-04-02,
002691,冀凯股份,sz,2026-04-02,
002692,远程股份,sz,2026-04-02,
002694,顾地科技,sz,2026-04-02,
002695,煌上煌,sz,2026-04-02,
002696,百洋股份,sz,2026-04-02,
002697,红旗连锁,sz,2026-04-02,
002698,博实股份,sz,2026-04-02,
002700,万憬能源,sz,2026-04-02,
002701,奥瑞金,sz,2026-04-02,
002702,海欣食品,sz,2026-04-02,
002703,浙江世宝,sz,2026-04-02,
002705,新宝股份,sz,2026-04-02,
002706,良信股份,sz,2026-04-02,
002707,众信旅游,sz,2026-04-02,
002708,光洋股份,sz,2026-04-02,
002709,天赐材料,sz,2026-04-02,
002712,思美传媒,sz,2026-04-02,
002714,牧原股份,sz,2026-04-02,
002715,登云股份,sz,2026-04-02,
002716,湖南白银,sz,2026-04-02,
002718,友邦吊顶,sz,2026-04-02,
002719,麦趣尔,sz,2026-04-02,
002721,金一文化,sz,2026-04-02,
002722,物产金轮,sz,2026-04-02,
002723,小崧股份,sz,2026-04-02,
002724,海洋王,sz,2026-04-02,
002725,跃岭股份,sz,2026-04-02,
002726,龙大美食,sz,2026-04-02,
002727,一心堂,sz,2026-04-02,
002728,特一药业,sz,2026-04-02,
002729,好利科技,sz,2026-04-02,
002730,电光科技,sz,2026-04-02,
002732,燕塘乳业,sz,2026-04-02,
002733,雄韬股份,sz,2026-04-02,
002734,利民股份,sz,2026-04-02,
002735,王子新材,sz,2026-04-02,
002736,国信证券,sz,2026-04-02,
002737,葵花药业,sz,2026-04-02,
002738,中矿资源,sz,2026-04-02,
002739,万达电影,sz,2026-04-02,
002741,光华科技,sz,2026-04-02,
002743,富煌钢构,sz,2026-04-02,
002745,木林森,sz,2026-04-02,
002746,仙坛股份,sz,2026-04-02,
002747,埃斯顿,sz,2026-04-02,
002748,世龙实业,sz,2026-04-02,
002749,国光股份,sz,2026-04-02,
002752,昇兴股份,sz,2026-04-02,
002753,永东股份,sz,2026-04-02,
002755,奥赛康,sz,2026-04-02,
002756,永兴材料,sz,2026-04-02,
002757,南兴股份,sz,2026-04-02,
002758,浙农股份,sz,2026-04-02,
002759,天际股份,sz,2026-04-02,
002760,凤形股份,sz,2026-04-02,
002761,浙江建投,sz,2026-04-02,
002763,汇洁股份,sz,2026-04-02,
002765,蓝黛科技,sz,2026-04-02,
002766,索菱股份,sz,2026-04-02,
002767,先锋电子,sz,2026-04-02,
002768,国恩股份,sz,2026-04-02,
002769,普路通,sz,2026-04-02,
002771,真视通,sz,2026-04-02,
002772,众兴菌业,sz,2026-04-02,
002773,康弘药业,sz,2026-04-02,
002774,快意电梯,sz,2026-04-02,
002775,文科股份,sz,2026-04-02,
002777,久远银海,sz,2026-04-02,
002778,中晟高科,sz,2026-04-02,
002779,中坚科技,sz,2026-04-02,
002780,三夫户外,sz,2026-04-02,
002782,可立克,sz,2026-04-02,
002783,凯龙股份,sz,2026-04-02,
002785,万里石,sz,2026-04-02,
002786,银宝山新,sz,2026-04-02,
002787,华源控股,sz,2026-04-02,
002788,鹭燕医药,sz,2026-04-02,
002790,瑞尔特,sz,2026-04-02,
002791,坚朗五金,sz,2026-04-02,
002792,通宇通讯,sz,2026-04-02,
002793,罗欣药业,sz,2026-04-02,
002795,永和智控,sz,2026-04-02,
002796,世嘉科技,sz,2026-04-02,
002797,第一创业,sz,2026-04-02,
002798,帝欧水华,sz,2026-04-02,
002799,环球印务,sz,2026-04-02,
002800,天顺股份,sz,2026-04-02,
002801,微光股份,sz,2026-04-02,
002802,洪汇新材,sz,2026-04-02,
002803,吉宏股份,sz,2026-04-02,
002805,丰元股份,sz,2026-04-02,
002806,华锋股份,sz,2026-04-02,
002807,江阴银行,sz,2026-04-02,
002809,红墙股份,sz,2026-04-02,
002810,山东赫达,sz,2026-04-02,
002811,郑中设计,sz,2026-04-02,
002812,恩捷股份,sz,2026-04-02,
002813,路畅科技,sz,2026-04-02,
002815,崇达技术,sz,2026-04-02,
002817,黄山胶囊,sz,2026-04-02,
002818,富森美,sz,2026-04-02,
002819,东方中科,sz,2026-04-02,
002820,桂发祥,sz,2026-04-02,
002821,凯莱英,sz,2026-04-02,
002823,凯中精密,sz,2026-04-02,
002824,和胜股份,sz,2026-04-02,
002825,纳尔股份,sz,2026-04-02,
002826,易明医药,sz,2026-04-02,
002827,高争民爆,sz,2026-04-02,
002828,贝肯能源,sz,2026-04-02,
002829,星网宇达,sz,2026-04-02,
002830,名雕股份,sz,2026-04-02,
002831,裕同科技,sz,2026-04-02,
002832,比音勒芬,sz,2026-04-02,
002833,弘亚数控,sz,2026-04-02,
002835,同为股份,sz,2026-04-02,
002836,新宏泽,sz,2026-04-02,
002837,英维克,sz,2026-04-02,
002838,道恩股份,sz,2026-04-02,
002839,张家港行,sz,2026-04-02,
002840,华统股份,sz,2026-04-02,
002841,视源股份,sz,2026-04-02,
002842,翔鹭钨业,sz,2026-04-02,
002843,泰嘉股份,sz,2026-04-02,
002845,同兴达,sz,2026-04-02,
002846,英联股份,sz,2026-04-02,
002847,盐津铺子,sz,2026-04-02,
002849,威星智能,sz,2026-04-02,
002850,科达利,sz,2026-04-02,
002851,麦格米特,sz,2026-04-02,
002852,道道全,sz,2026-04-02,
002853,皮阿诺,sz,2026-04-02,
002855,捷荣技术,sz,2026-04-02,
002856,美芝股份,sz,2026-04-02,
002857,三晖电气,sz,2026-04-02,
002858,力盛体育,sz,2026-04-02,
002859,洁美科技,sz,2026-04-02,
002860,星帅尔,sz,2026-04-02,
002861,瀛通通讯,sz,2026-04-02,
002862,实丰文化,sz,2026-04-02,
002863,今飞凯达,sz,2026-04-02,
002864,盘龙药业,sz,2026-04-02,
002865,钧达股份,sz,2026-04-02,
002866,传艺科技,sz,2026-04-02,
002867,周大生,sz,2026-04-02,
002869,金溢科技,sz,2026-04-02,
002870,香山股份,sz,2026-04-02,
002871,伟隆股份,sz,2026-04-02,
002873,新天药业,sz,2026-04-02,
002875,安奈儿,sz,2026-04-02,
002876,三利谱,sz,2026-04-02,
002877,智能自控,sz,2026-04-02,
002878,元隆雅图,sz,2026-04-02,
002879,长缆科技,sz,2026-04-02,
002880,卫光生物,sz,2026-04-02,
002881,美格智能,sz,2026-04-02,
002882,金龙羽,sz,2026-04-02,
002883,中设股份,sz,2026-04-02,
002884,凌霄泵业,sz,2026-04-02,
002885,京泉华,sz,2026-04-02,
002886,沃特股份,sz,2026-04-02,
002887,绿茵生态,sz,2026-04-02,
002888,惠威科技,sz,2026-04-02,
002889,东方嘉盛,sz,2026-04-02,
002890,弘宇股份,sz,2026-04-02,
002891,中宠股份,sz,2026-04-02,
002892,科力尔,sz,2026-04-02,
002893,京能热力,sz,2026-04-02,
002895,川恒股份,sz,2026-04-02,
002896,中大力德,sz,2026-04-02,
002897,意华股份,sz,2026-04-02,
002899,英派斯,sz,2026-04-02,
002900,哈三联,sz,2026-04-02,
002901,大博医疗,sz,2026-04-02,
002902,铭普光磁,sz,2026-04-02,
002903,宇环数控,sz,2026-04-02,
002905,金逸影视,sz,2026-04-02,
002906,华阳集团,sz,2026-04-02,
002907,华森制药,sz,2026-04-02,
002908,德生科技,sz,2026-04-02,
002909,集泰股份,sz,2026-04-02,
002910,庄园牧场,sz,2026-04-02,
002911,佛燃能源,sz,2026-04-02,
002912,中新赛克,sz,2026-04-02,
002913,奥士康,sz,2026-04-02,
002915,中欣氟材,sz,2026-04-02,
002916,深南电路,sz,2026-04-02,
002917,金奥博,sz,2026-04-02,
002918,蒙娜丽莎,sz,2026-04-02,
002919,名臣健康,sz,2026-04-02,
002920,德赛西威,sz,2026-04-02,
002921,联诚精密,sz,2026-04-02,
002922,伊戈尔,sz,2026-04-02,
002923,润都股份,sz,2026-04-02,
002925,盈趣科技,sz,2026-04-02,
002926,华西证券,sz,2026-04-02,
002927,泰永长征,sz,2026-04-02,
002928,华夏航空,sz,2026-04-02,
002929,润建股份,sz,2026-04-02,
002930,宏川智慧,sz,2026-04-02,
002931,锋龙股份,sz,2026-04-02,
002932,明德生物,sz,2026-04-02,
002933,新兴装备,sz,2026-04-02,
002935,天奥电子,sz,2026-04-02,
002936,郑州银行,sz,2026-04-02,
002937,兴瑞科技,sz,2026-04-02,
002938,鹏鼎控股,sz,2026-04-02,
002939,长城证券,sz,2026-04-02,
002940,昂利康,sz,2026-04-02,
002941,新疆交建,sz,2026-04-02,
002942,新农股份,sz,2026-04-02,
002943,宇晶股份,sz,2026-04-02,
002945,华林证券,sz,2026-04-02,
002946,新乳业,sz,2026-04-02,
002947,恒铭达,sz,2026-04-02,
002948,青岛银行,sz,2026-04-02,
002949,华阳国际,sz,2026-04-02,
002950,奥美医疗,sz,2026-04-02,
002951,金时科技,sz,2026-04-02,
002952,亚世光电,sz,2026-04-02,
002953,日丰股份,sz,2026-04-02,
002955,鸿合科技,sz,2026-04-02,
002956,西麦食品,sz,2026-04-02,
002957,科瑞技术,sz,2026-04-02,
002958,青农商行,sz,2026-04-02,
002959,小熊电器,sz,2026-04-02,
002960,青鸟消防,sz,2026-04-02,
002961,瑞达期货,sz,2026-04-02,
002962,五方光电,sz,2026-04-02,
002963,豪尔赛,sz,2026-04-02,
002965,祥鑫科技,sz,2026-04-02,
002966,苏州银行,sz,2026-04-02,
002967,广电计量,sz,2026-04-02,
002968,新大正,sz,2026-04-02,
002969,嘉美包装,sz,2026-04-02,
002970,锐明技术,sz,2026-04-02,
002971,和远气体,sz,2026-04-02,
002972,科安达,sz,2026-04-02,
002973,侨银股份,sz,2026-04-02,
002975,博杰股份,sz,2026-04-02,
002976,瑞玛精密,sz,2026-04-02,
002977,天箭科技,sz,2026-04-02,
002978,安宁股份,sz,2026-04-02,
002979,雷赛智能,sz,2026-04-02,
002980,华盛昌,sz,2026-04-02,
002981,朝阳科技,sz,2026-04-02,
002982,湘佳股份,sz,2026-04-02,
002983,芯瑞达,sz,2026-04-02,
002984,森麒麟,sz,2026-04-02,
002985,北摩高科,sz,2026-04-02,
002986,宇新股份,sz,2026-04-02,
002987,京北方,sz,2026-04-02,
002988,豪美新材,sz,2026-04-02,
002989,中天精装,sz,2026-04-02,
002990,盛视科技,sz,2026-04-02,
002991,甘源食品,sz,2026-04-02,
002992,宝明科技,sz,2026-04-02,
002993,奥海科技,sz,2026-04-02,
002995,天地在线,sz,2026-04-02,
002996,顺博合金,sz,2026-04-02,
002997,瑞鹄模具,sz,2026-04-02,
002998,优彩资源,sz,2026-04-02,
002999,天禾股份,sz,2026-04-02,
003000,劲仔食品,sz,2026-04-02,
003001,中岩大地,sz,2026-04-02,
003002,壶化股份,sz,2026-04-02,
003003,天元股份,sz,2026-04-02,
003005,竞业达,sz,2026-04-02,
003006,百亚股份,sz,2026-04-02,
003007,直真科技,sz,2026-04-02,
003008,开普检测,sz,2026-04-02,
003009,中天火箭,sz,2026-04-02,
003010,若羽臣,sz,2026-04-02,
003011,海象新材,sz,2026-04-02,
003012,东鹏控股,sz,2026-04-02,
003013,地铁设计,sz,2026-04-02,
003015,日久光电,sz,2026-04-02,
003016,欣贺股份,sz,2026-04-02,
003017,大洋生物,sz,2026-04-02,
003018,金富科技,sz,2026-04-02,
003019,宸展光电,sz,2026-04-02,
003020,立方制药,sz,2026-04-02,
003021,兆威机电,sz,2026-04-02,
003022,联泓新科,sz,2026-04-02,
003023,彩虹集团,sz,2026-04-02,
003025,思进智能,sz,2026-04-02,
003026,中晶科技,sz,2026-04-02,
003027,同兴科技,sz,2026-04-02,
003028,振邦智能,sz,2026-04-02,
003029,吉大正元,sz,2026-04-02,
003030,祖名股份,sz,2026-04-02,
003031,中瓷电子,sz,2026-04-02,
003033,征和工业,sz,2026-04-02,
003035,南网能源,sz,2026-04-02,
003036,泰坦股份,sz,2026-04-02,
003037,三和管桩,sz,2026-04-02,
003038,鑫铂股份,sz,2026-04-02,
003039,顺控发展,sz,2026-04-02,
003040,楚天龙,sz,2026-04-02,
003041,真爱美家,sz,2026-04-02,
003042,中农联合,sz,2026-04-02,
003043,华亚智能,sz,2026-04-02,
003816,中国广核,sz,2026-04-02,
600000,浦发银行,sh,2026-04-02,
600004,白云机场,sh,2026-04-02,
600006,东风股份,sh,2026-04-02,
600007,中国国贸,sh,2026-04-02,
600008,首创环保,sh,2026-04-02,
600009,上海机场,sh,2026-04-02,
600010,包钢股份,sh,2026-04-02,
600011,华能国际,sh,2026-04-02,
600012,皖通高速,sh,2026-04-02,
600015,华夏银行,sh,2026-04-02,
600016,民生银行,sh,2026-04-02,
600017,日照港,sh,2026-04-02,
600018,上港集团,sh,2026-04-02,
600019,宝钢股份,sh,2026-04-02,
600020,中原高速,sh,2026-04-02,
600021,上海电力,sh,2026-04-02,
600022,山东钢铁,sh,2026-04-02,
600023,浙能电力,sh,2026-04-02,
600025,华能水电,sh,2026-04-02,
600026,中远海能,sh,2026-04-02,
600027,华电国际,sh,2026-04-02,
600028,中国石化,sh,2026-04-02,
600029,南方航空,sh,2026-04-02,
600030,中信证券,sh,2026-04-02,
600031,三一重工,sh,2026-04-02,
600032,浙江新能,sh,2026-04-02,
600033,福建高速,sh,2026-04-02,
600035,楚天高速,sh,2026-04-02,
600036,招商银行,sh,2026-04-02,
600037,歌华有线,sh,2026-04-02,
600038,中直股份,sh,2026-04-02,
600039,四川路桥,sh,2026-04-02,
600048,保利发展,sh,2026-04-02,
600050,中国联通,sh,2026-04-02,
600051,宁波联合,sh,2026-04-02,
600052,东望时代,sh,2026-04-02,
600053,九鼎投资,sh,2026-04-02,
600054,黄山旅游,sh,2026-04-02,
600055,万东医疗,sh,2026-04-02,
600056,中国医药,sh,2026-04-02,
600057,厦门象屿,sh,2026-04-02,
600058,五矿发展,sh,2026-04-02,
600059,古越龙山,sh,2026-04-02,
600060,海信视像,sh,2026-04-02,
600061,国投资本,sh,2026-04-02,
600062,华润双鹤,sh,2026-04-02,
600063,皖维高新,sh,2026-04-02,
600064,南京高科,sh,2026-04-02,
600066,宇通客车,sh,2026-04-02,
600067,冠城新材,sh,2026-04-02,
600071,凤凰光学,sh,2026-04-02,
600072,中船科技,sh,2026-04-02,
600073,光明肉业,sh,2026-04-02,
600075,新疆天业,sh,2026-04-02,
600076,康欣新材,sh,2026-04-02,
600078,澄星股份,sh,2026-04-02,
600080,金花股份,sh,2026-04-02,
600081,东风科技,sh,2026-04-02,
600082,海泰发展,sh,2026-04-02,
600084,中信尼雅,sh,2026-04-02,
600085,同仁堂,sh,2026-04-02,
600088,中视传媒,sh,2026-04-02,
600089,特变电工,sh,2026-04-02,
600094,大名城,sh,2026-04-02,
600095,湘财股份,sh,2026-04-02,
600096,云天化,sh,2026-04-02,
600097,开创国际,sh,2026-04-02,
600098,广州发展,sh,2026-04-02,
600099,林海股份,sh,2026-04-02,
600100,同方股份,sh,2026-04-02,
600101,明星电力,sh,2026-04-02,
600103,青山纸业,sh,2026-04-02,
600104,上汽集团,sh,2026-04-02,
600105,永鼎股份,sh,2026-04-02,
600106,重庆路桥,sh,2026-04-02,
600108,亚盛集团,sh,2026-04-02,
600109,国金证券,sh,2026-04-02,
600110,诺德股份,sh,2026-04-02,
600111,北方稀土,sh,2026-04-02,
600113,浙江东日,sh,2026-04-02,
600114,东睦股份,sh,2026-04-02,
600115,中国东航,sh,2026-04-02,
600116,三峡水利,sh,2026-04-02,
600117,西宁特钢,sh,2026-04-02,
600118,中国卫星,sh,2026-04-02,
600119,长江投资,sh,2026-04-02,
600120,浙江东方,sh,2026-04-02,
600121,郑州煤电,sh,2026-04-02,
600123,兰花科创,sh,2026-04-02,
600125,铁龙物流,sh,2026-04-02,
600126,杭钢股份,sh,2026-04-02,
600127,金健米业,sh,2026-04-02,
600128,苏豪弘业,sh,2026-04-02,
600129,太极集团,sh,2026-04-02,
600131,国网信通,sh,2026-04-02,
600132,重庆啤酒,sh,2026-04-02,
600133,东湖高新,sh,2026-04-02,
600135,乐凯胶片,sh,2026-04-02,
600137,浪莎股份,sh,2026-04-02,
600138,中青旅,sh,2026-04-02,
600141,兴发集团,sh,2026-04-02,
600143,金发科技,sh,2026-04-02,
600148,长春一东,sh,2026-04-02,
600149,廊坊发展,sh,2026-04-02,
600150,中国船舶,sh,2026-04-02,
600151,航天机电,sh,2026-04-02,
600152,维科技术,sh,2026-04-02,
600153,建发股份,sh,2026-04-02,
600155,华创云信,sh,2026-04-02,
600156,华升股份,sh,2026-04-02,
600157,永泰能源,sh,2026-04-02,
600158,中体产业,sh,2026-04-02,
600159,大龙地产,sh,2026-04-02,
600160,巨化股份,sh,2026-04-02,
600161,天坛生物,sh,2026-04-02,
600162,香江控股,sh,2026-04-02,
600163,中闽能源,sh,2026-04-02,
600166,福田汽车,sh,2026-04-02,
600167,联美控股,sh,2026-04-02,
600168,武汉控股,sh,2026-04-02,
600170,上海建工,sh,2026-04-02,
600171,上海贝岭,sh,2026-04-02,
600172,黄河旋风,sh,2026-04-02,
600173,卧龙新能,sh,2026-04-02,
600176,中国巨石,sh,2026-04-02,
600177,雅戈尔,sh,2026-04-02,
600178,东安动力,sh,2026-04-02,
600179,安通控股,sh,2026-04-02,
600180,瑞茂通,sh,2026-04-02,
600183,生益科技,sh,2026-04-02,
600184,光电股份,sh,2026-04-02,
600185,珠免集团,sh,2026-04-02,
600186,莲花控股,sh,2026-04-02,
600187,国中水务,sh,2026-04-02,
600188,兖矿能源,sh,2026-04-02,
600189,泉阳泉,sh,2026-04-02,
600191,华资实业,sh,2026-04-02,
600192,长城电工,sh,2026-04-02,
600195,中牧股份,sh,2026-04-02,
600196,复星医药,sh,2026-04-02,
600197,伊力特,sh,2026-04-02,
600198,大唐电信,sh,2026-04-02,
600199,金种子酒,sh,2026-04-02,
600201,生物股份,sh,2026-04-02,
600202,哈空调,sh,2026-04-02,
600203,福日电子,sh,2026-04-02,
600206,有研新材,sh,2026-04-02,
600207,安彩高科,sh,2026-04-02,
600208,衢州发展,sh,2026-04-02,
600210,紫江企业,sh,2026-04-02,
600211,西藏药业,sh,2026-04-02,
600212,绿能慧充,sh,2026-04-02,
600215,派斯林,sh,2026-04-02,
600216,浙江医药,sh,2026-04-02,
600217,中再资环,sh,2026-04-02,
600218,全柴动力,sh,2026-04-02,
600219,南山铝业,sh,2026-04-02,
600221,海航控股,sh,2026-04-02,
600222,太龙药业,sh,2026-04-02,
600223,福瑞达,sh,2026-04-02,
600226,亨通股份,sh,2026-04-02,
600227,赤天化,sh,2026-04-02,
600229,城市传媒,sh,2026-04-02,
600230,沧州大化,sh,2026-04-02,
600231,凌钢股份,sh,2026-04-02,
600232,金鹰股份,sh,2026-04-02,
600233,圆通速递,sh,2026-04-02,
600234,科新发展,sh,2026-04-02,
600235,民丰特纸,sh,2026-04-02,
600236,桂冠电力,sh,2026-04-02,
600237,铜峰电子,sh,2026-04-02,
600239,云南城投,sh,2026-04-02,
600241,时代万恒,sh,2026-04-02,
600246,万通发展,sh,2026-04-02,
600248,陕建股份,sh,2026-04-02,
600249,两面针,sh,2026-04-02,
600250,南京商旅,sh,2026-04-02,
600251,冠农股份,sh,2026-04-02,
600252,中恒集团,sh,2026-04-02,
600255,鑫科材料,sh,2026-04-02,
600256,广汇能源,sh,2026-04-02,
600257,大湖股份,sh,2026-04-02,
600258,首旅酒店,sh,2026-04-02,
600259,中稀有色,sh,2026-04-02,
600261,阳光照明,sh,2026-04-02,
600262,北方股份,sh,2026-04-02,
600266,城建发展,sh,2026-04-02,
600267,海正药业,sh,2026-04-02,
600268,国电南自,sh,2026-04-02,
600269,赣粤高速,sh,2026-04-02,
600271,航天信息,sh,2026-04-02,
600272,开开实业,sh,2026-04-02,
600273,嘉化能源,sh,2026-04-02,
600276,恒瑞医药,sh,2026-04-02,
600278,东方创业,sh,2026-04-02,
600279,重庆港,sh,2026-04-02,
600280,中央商场,sh,2026-04-02,
600281,华阳新材,sh,2026-04-02,
600282,南钢股份,sh,2026-04-02,
600283,钱江水利,sh,2026-04-02,
600284,浦东建设,sh,2026-04-02,
600285,羚锐制药,sh,2026-04-02,
600287,苏豪时尚,sh,2026-04-02,
600288,大恒科技,sh,2026-04-02,
600292,电投水电,sh,2026-04-02,
600293,三峡新材,sh,2026-04-02,
600295,鄂尔多斯,sh,2026-04-02,
600298,安琪酵母,sh,2026-04-02,
600299,安迪苏,sh,2026-04-02,
600300,维维股份,sh,2026-04-02,
600301,华锡有色,sh,2026-04-02,
600302,标准股份,sh,2026-04-02,
600303,曙光股份,sh,2026-04-02,
600305,恒顺醋业,sh,2026-04-02,
600307,酒钢宏兴,sh,2026-04-02,
600308,华泰股份,sh,2026-04-02,
600309,万华化学,sh,2026-04-02,
600310,广西能源,sh,2026-04-02,
600312,平高电气,sh,2026-04-02,
600313,农发种业,sh,2026-04-02,
600315,上海家化,sh,2026-04-02,
600316,洪都航空,sh,2026-04-02,
600318,新力金融,sh,2026-04-02,
600319,亚星化学,sh,2026-04-02,
600320,振华重工,sh,2026-04-02,
600322,津投城开,sh,2026-04-02,
600323,瀚蓝环境,sh,2026-04-02,
600325,华发股份,sh,2026-04-02,
600326,西藏天路,sh,2026-04-02,
600327,大东方,sh,2026-04-02,
600328,中盐化工,sh,2026-04-02,
600329,达仁堂,sh,2026-04-02,
600330,天通股份,sh,2026-04-02,
600331,宏达股份,sh,2026-04-02,
600332,白云山,sh,2026-04-02,
600333,长春燃气,sh,2026-04-02,
600335,国机汽车,sh,2026-04-02,
600336,澳柯玛,sh,2026-04-02,
600337,美克家居,sh,2026-04-02,
600338,西藏珠峰,sh,2026-04-02,
600339,中油工程,sh,2026-04-02,
600340,华夏幸福,sh,2026-04-02,
600343,航天动力,sh,2026-04-02,
600345,长江通信,sh,2026-04-02,
600346,恒力石化,sh,2026-04-02,
600348,华阳股份,sh,2026-04-02,
600350,山东高速,sh,2026-04-02,
600351,亚宝药业,sh,2026-04-02,
600352,浙江龙盛,sh,2026-04-02,
600353,旭光电子,sh,2026-04-02,
600354,敦煌种业,sh,2026-04-02,
600356,恒丰纸业,sh,2026-04-02,
600359,新农开发,sh,2026-04-02,
600361,创新新材,sh,2026-04-02,
600362,江西铜业,sh,2026-04-02,
600363,联创光电,sh,2026-04-02,
600366,宁波韵升,sh,2026-04-02,
600367,红星发展,sh,2026-04-02,
600368,五洲交通,sh,2026-04-02,
600369,西南证券,sh,2026-04-02,
600370,三房巷,sh,2026-04-02,
600371,万向德农,sh,2026-04-02,
600372,中航机载,sh,2026-04-02,
600373,中文传媒,sh,2026-04-02,
600375,汉马科技,sh,2026-04-02,
600376,首开股份,sh,2026-04-02,
600377,宁沪高速,sh,2026-04-02,
600378,昊华科技,sh,2026-04-02,
600379,宝光股份,sh,2026-04-02,
600380,健康元,sh,2026-04-02,
600382,广东明珠,sh,2026-04-02,
600383,金地集团,sh,2026-04-02,
600386,北巴传媒,sh,2026-04-02,
600388,龙净环保,sh,2026-04-02,
600389,江山股份,sh,2026-04-02,
600390,五矿资本,sh,2026-04-02,
600391,航发科技,sh,2026-04-02,
600392,盛和资源,sh,2026-04-02,
600395,盘江股份,sh,2026-04-02,
600396,华电辽能,sh,2026-04-02,
600397,江钨装备,sh,2026-04-02,
600398,海澜之家,sh,2026-04-02,
600399,抚顺特钢,sh,2026-04-02,
600400,红豆股份,sh,2026-04-02,
600403,大有能源,sh,2026-04-02,
600405,动力源,sh,2026-04-02,
600406,国电南瑞,sh,2026-04-02,
600408,安泰集团,sh,2026-04-02,
600409,三友化工,sh,2026-04-02,
600410,华胜天成,sh,2026-04-02,
600415,小商品城,sh,2026-04-02,
600416,湘电股份,sh,2026-04-02,
600418,江淮汽车,sh,2026-04-02,
600419,天润乳业,sh,2026-04-02,
600420,国药现代,sh,2026-04-02,
600422,昆药集团,sh,2026-04-02,
600423,柳化股份,sh,2026-04-02,
600425,青松建化,sh,2026-04-02,
600426,华鲁恒升,sh,2026-04-02,
600428,中远海特,sh,2026-04-02,
600429,三元股份,sh,2026-04-02,
600433,冠豪高新,sh,2026-04-02,
600435,北方导航,sh,2026-04-02,
600436,片仔癀,sh,2026-04-02,
600438,通威股份,sh,2026-04-02,
600439,瑞贝卡,sh,2026-04-02,
600444,国机通用,sh,2026-04-02,
600446,金证股份,sh,2026-04-02,
600448,华纺股份,sh,2026-04-02,
600449,宁夏建材,sh,2026-04-02,
600452,涪陵电力,sh,2026-04-02,
600455,博通股份,sh,2026-04-02,
600456,宝钛股份,sh,2026-04-02,
600458,时代新材,sh,2026-04-02,
600459,贵研铂业,sh,2026-04-02,
600460,士兰微,sh,2026-04-02,
600461,洪城环境,sh,2026-04-02,
600463,空港股份,sh,2026-04-02,
600467,好当家,sh,2026-04-02,
600468,百利电气,sh,2026-04-02,
600469,风神股份,sh,2026-04-02,
600470,六国化工,sh,2026-04-02,
600475,华光环能,sh,2026-04-02,
600476,湘邮科技,sh,2026-04-02,
600477,杭萧钢构,sh,2026-04-02,
600478,科力远,sh,2026-04-02,
600479,千金药业,sh,2026-04-02,
600480,凌云股份,sh,2026-04-02,
600481,双良节能,sh,2026-04-02,
600482,中国动力,sh,2026-04-02,
600483,福能股份,sh,2026-04-02,
600486,扬农化工,sh,2026-04-02,
600487,亨通光电,sh,2026-04-02,
600488,津药药业,sh,2026-04-02,
600489,中金黄金,sh,2026-04-02,
600490,鹏欣资源,sh,2026-04-02,
600491,龙元建设,sh,2026-04-02,
600493,凤竹纺织,sh,2026-04-02,
600495,晋西车轴,sh,2026-04-02,
600496,精工钢构,sh,2026-04-02,
600497,驰宏锌锗,sh,2026-04-02,
600498,烽火通信,sh,2026-04-02,
600499,科达制造,sh,2026-04-02,
600500,中化国际,sh,2026-04-02,
600501,航天晨光,sh,2026-04-02,
600502,安徽建工,sh,2026-04-02,
600503,华丽家族,sh,2026-04-02,
600505,西昌电力,sh,2026-04-02,
600506,统一股份,sh,2026-04-02,
600507,方大特钢,sh,2026-04-02,
600508,上海能源,sh,2026-04-02,
600509,天富能源,sh,2026-04-02,
600510,黑牡丹,sh,2026-04-02,
600511,国药股份,sh,2026-04-02,
600512,腾达建设,sh,2026-04-02,
600513,联环药业,sh,2026-04-02,
600515,海南机场,sh,2026-04-02,
600516,方大炭素,sh,2026-04-02,
600517,国网英大,sh,2026-04-02,
600518,康美药业,sh,2026-04-02,
600519,贵州茅台,sh,2026-04-02,
600520,三佳科技,sh,2026-04-02,
600521,华海药业,sh,2026-04-02,
600522,中天科技,sh,2026-04-02,
600523,贵航股份,sh,2026-04-02,
600526,菲达环保,sh,2026-04-02,
600527,江南高纤,sh,2026-04-02,
600528,中铁工业,sh,2026-04-02,
600529,山东药玻,sh,2026-04-02,
600530,交大昂立,sh,2026-04-02,
600531,豫光金铅,sh,2026-04-02,
600533,栖霞建设,sh,2026-04-02,
600535,天士力,sh,2026-04-02,
600536,中国软件,sh,2026-04-02,
600537,亿晶光电,sh,2026-04-02,
600538,国发股份,sh,2026-04-02,
600539,狮头股份,sh,2026-04-02,
600540,新赛股份,sh,2026-04-02,
600543,莫高股份,sh,2026-04-02,
600545,卓郎智能,sh,2026-04-02,
600546,山煤国际,sh,2026-04-02,
600547,山东黄金,sh,2026-04-02,
600548,深高速,sh,2026-04-02,
600549,厦门钨业,sh,2026-04-02,
600550,保变电气,sh,2026-04-02,
600551,时代出版,sh,2026-04-02,
600552,凯盛科技,sh,2026-04-02,
600556,天下秀,sh,2026-04-02,
600557,康缘药业,sh,2026-04-02,
600558,大西洋,sh,2026-04-02,
600559,老白干酒,sh,2026-04-02,
600560,金自天正,sh,2026-04-02,
600561,江西长运,sh,2026-04-02,
600562,国睿科技,sh,2026-04-02,
600563,法拉电子,sh,2026-04-02,
600566,济川药业,sh,2026-04-02,
600567,山鹰国际,sh,2026-04-02,
600569,安阳钢铁,sh,2026-04-02,
600570,恒生电子,sh,2026-04-02,
600571,信雅达,sh,2026-04-02,
600572,康恩贝,sh,2026-04-02,
600573,惠泉啤酒,sh,2026-04-02,
600575,淮河能源,sh,2026-04-02,
600576,祥源文旅,sh,2026-04-02,
600577,精达股份,sh,2026-04-02,
600578,京能电力,sh,2026-04-02,
600579,中化装备,sh,2026-04-02,
600580,卧龙电驱,sh,2026-04-02,
600582,天地科技,sh,2026-04-02,
600583,海油工程,sh,2026-04-02,
600584,长电科技,sh,2026-04-02,
600585,海螺水泥,sh,2026-04-02,
600586,金晶科技,sh,2026-04-02,
600587,新华医疗,sh,2026-04-02,
600588,用友网络,sh,2026-04-02,
600589,大位科技,sh,2026-04-02,
600590,泰豪科技,sh,2026-04-02,
600592,龙溪股份,sh,2026-04-02,
600593,大连圣亚,sh,2026-04-02,
600594,益佰制药,sh,2026-04-02,
600595,中孚实业,sh,2026-04-02,
600596,新安股份,sh,2026-04-02,
600597,光明乳业,sh,2026-04-02,
600598,北大荒,sh,2026-04-02,
600600,青岛啤酒,sh,2026-04-02,
600601,方正科技,sh,2026-04-02,
600602,云赛智联,sh,2026-04-02,
600603,广汇物流,sh,2026-04-02,
600604,市北高新,sh,2026-04-02,
600605,汇通能源,sh,2026-04-02,
600606,绿地控股,sh,2026-04-02,
600609,金杯汽车,sh,2026-04-02,
600610,中毅达,sh,2026-04-02,
600611,大众交通,sh,2026-04-02,
600612,老凤祥,sh,2026-04-02,
600613,神奇制药,sh,2026-04-02,
600615,鑫源智造,sh,2026-04-02,
600616,金枫酒业,sh,2026-04-02,
600617,国新能源,sh,2026-04-02,
600618,氯碱化工,sh,2026-04-02,
600619,海立股份,sh,2026-04-02,
600620,天宸股份,sh,2026-04-02,
600621,华鑫股份,sh,2026-04-02,
600622,光大嘉宝,sh,2026-04-02,
600623,华谊集团,sh,2026-04-02,
600626,申达股份,sh,2026-04-02,
600628,新世界,sh,2026-04-02,
600629,华建集团,sh,2026-04-02,
600630,龙头股份,sh,2026-04-02,
600633,浙数文化,sh,2026-04-02,
600635,大众公用,sh,2026-04-02,
600637,东方明珠,sh,2026-04-02,
600638,新黄浦,sh,2026-04-02,
600639,浦东金桥,sh,2026-04-02,
600640,国脉文化,sh,2026-04-02,
600641,先导基电,sh,2026-04-02,
600642,申能股份,sh,2026-04-02,
600643,爱建集团,sh,2026-04-02,
600644,乐山电力,sh,2026-04-02,
600645,中源协和,sh,2026-04-02,
600648,外高桥,sh,2026-04-02,
600649,城投控股,sh,2026-04-02,
600650,锦江在线,sh,2026-04-02,
600651,飞乐音响,sh,2026-04-02,
600653,申华控股,sh,2026-04-02,
600654,中安科,sh,2026-04-02,
600655,豫园股份,sh,2026-04-02,
600657,信达地产,sh,2026-04-02,
600658,电子城,sh,2026-04-02,
600660,福耀玻璃,sh,2026-04-02,
600661,昂立教育,sh,2026-04-02,
600662,外服控股,sh,2026-04-02,
600663,陆家嘴,sh,2026-04-02,
600664,哈药股份,sh,2026-04-02,
600665,天地源,sh,2026-04-02,
600666,奥瑞德,sh,2026-04-02,
600667,太极实业,sh,2026-04-02,
600668,尖峰集团,sh,2026-04-02,
600671,天目药业,sh,2026-04-02,
600673,东阳光,sh,2026-04-02,
600674,川投能源,sh,2026-04-02,
600675,中华企业,sh,2026-04-02,
600676,交运股份,sh,2026-04-02,
600678,四川金顶,sh,2026-04-02,
600679,上海凤凰,sh,2026-04-02,
600681,百川能源,sh,2026-04-02,
600682,南京新百,sh,2026-04-02,
600683,京投发展,sh,2026-04-02,
600684,珠江股份,sh,2026-04-02,
600685,中船防务,sh,2026-04-02,
600686,金龙汽车,sh,2026-04-02,
600688,上海石化,sh,2026-04-02,
600689,上海三毛,sh,2026-04-02,
600690,海尔智家,sh,2026-04-02,
600691,潞化科技,sh,2026-04-02,
600692,亚通股份,sh,2026-04-02,
600693,东百集团,sh,2026-04-02,
600694,大商股份,sh,2026-04-02,
600697,欧亚集团,sh,2026-04-02,
600698,湖南天雁,sh,2026-04-02,
600699,均胜电子,sh,2026-04-02,
600702,舍得酒业,sh,2026-04-02,
600703,三安光电,sh,2026-04-02,
600704,物产中大,sh,2026-04-02,
600706,曲江文旅,sh,2026-04-02,
600707,彩虹股份,sh,2026-04-02,
600708,光明地产,sh,2026-04-02,
600710,苏美达,sh,2026-04-02,
600711,盛屯矿业,sh,2026-04-02,
600712,南宁百货,sh,2026-04-02,
600713,南京医药,sh,2026-04-02,
600714,金瑞矿业,sh,2026-04-02,
600715,文投控股,sh,2026-04-02,
600716,凤凰股份,sh,2026-04-02,
600717,天津港,sh,2026-04-02,
600718,东软集团,sh,2026-04-02,
600719,大连热电,sh,2026-04-02,
600720,中交设计,sh,2026-04-02,
600721,百花医药,sh,2026-04-02,
600722,金牛化工,sh,2026-04-02,
600724,宁波富达,sh,2026-04-02,
600725,云维股份,sh,2026-04-02,
600726,华电能源,sh,2026-04-02,
600727,鲁北化工,sh,2026-04-02,
600728,佳都科技,sh,2026-04-02,
600729,重庆百货,sh,2026-04-02,
600730,中国高科,sh,2026-04-02,
600731,湖南海利,sh,2026-04-02,
600732,爱旭股份,sh,2026-04-02,
600733,北汽蓝谷,sh,2026-04-02,
600734,实达集团,sh,2026-04-02,
600736,苏州高新,sh,2026-04-02,
600737,中粮糖业,sh,2026-04-02,
600738,丽尚国潮,sh,2026-04-02,
600739,辽宁成大,sh,2026-04-02,
600740,山西焦化,sh,2026-04-02,
600741,华域汽车,sh,2026-04-02,
600742,富维股份,sh,2026-04-02,
600743,华远控股,sh,2026-04-02,
600744,华银电力,sh,2026-04-02,
600745,闻泰科技,sh,2026-04-02,
600746,江苏索普,sh,2026-04-02,
600748,上实发展,sh,2026-04-02,
600749,西藏旅游,sh,2026-04-02,
600750,华润江中,sh,2026-04-02,
600751,海航科技,sh,2026-04-02,
600754,锦江酒店,sh,2026-04-02,
600755,厦门国贸,sh,2026-04-02,
600756,浪潮软件,sh,2026-04-02,
600757,长江传媒,sh,2026-04-02,
600758,辽宁能源,sh,2026-04-02,
600759,洲际油气,sh,2026-04-02,
600760,中航沈飞,sh,2026-04-02,
600761,安徽合力,sh,2026-04-02,
600763,通策医疗,sh,2026-04-02,
600764,中国海防,sh,2026-04-02,
600765,中航重机,sh,2026-04-02,
600768,宁波富邦,sh,2026-04-02,
600769,祥龙电业,sh,2026-04-02,
600770,综艺股份,sh,2026-04-02,
600771,广誉远,sh,2026-04-02,
600773,西藏城投,sh,2026-04-02,
600774,汉商集团,sh,2026-04-02,
600775,南京熊猫,sh,2026-04-02,
600776,东方通信,sh,2026-04-02,
600778,友好集团,sh,2026-04-02,
600779,水井坊,sh,2026-04-02,
600780,通宝能源,sh,2026-04-02,
600782,新钢股份,sh,2026-04-02,
600783,鲁信创投,sh,2026-04-02,
600784,鲁银投资,sh,2026-04-02,
600785,新华百货,sh,2026-04-02,
600787,中储股份,sh,2026-04-02,
600789,鲁抗医药,sh,2026-04-02,
600790,轻纺城,sh,2026-04-02,
600791,京能置业,sh,2026-04-02,
600792,云煤能源,sh,2026-04-02,
600793,宜宾纸业,sh,2026-04-02,
600794,保税科技,sh,2026-04-02,
600795,国电电力,sh,2026-04-02,
600796,钱江生化,sh,2026-04-02,
600797,浙大网新,sh,2026-04-02,
600798,宁波海运,sh,2026-04-02,
600800,渤海化学,sh,2026-04-02,
600801,华新建材,sh,2026-04-02,
600802,福建水泥,sh,2026-04-02,
600803,新奥股份,sh,2026-04-02,
600805,悦达投资,sh,2026-04-02,
600807,济高发展,sh,2026-04-02,
600808,马钢股份,sh,2026-04-02,
600809,山西汾酒,sh,2026-04-02,
600810,神马股份,sh,2026-04-02,
600812,华北制药,sh,2026-04-02,
600814,杭州解百,sh,2026-04-02,
600815,厦工股份,sh,2026-04-02,
600816,建元信托,sh,2026-04-02,
600817,宇通重工,sh,2026-04-02,
600818,中路股份,sh,2026-04-02,
600819,耀皮玻璃,sh,2026-04-02,
600820,隧道股份,sh,2026-04-02,
600821,金开新能,sh,2026-04-02,
600822,上海物贸,sh,2026-04-02,
600824,益民集团,sh,2026-04-02,
600825,新华传媒,sh,2026-04-02,
600826,兰生股份,sh,2026-04-02,
600827,百联股份,sh,2026-04-02,
600828,茂业商业,sh,2026-04-02,
600829,人民同泰,sh,2026-04-02,
600830,香溢融通,sh,2026-04-02,
600831,广电网络,sh,2026-04-02,
600833,第一医药,sh,2026-04-02,
600834,申通地铁,sh,2026-04-02,
600835,上海机电,sh,2026-04-02,
600838,上海九百,sh,2026-04-02,
600839,四川长虹,sh,2026-04-02,
600841,动力新科,sh,2026-04-02,
600843,上工申贝,sh,2026-04-02,
600844,金煤科技,sh,2026-04-02,
600845,宝信软件,sh,2026-04-02,
600846,同济科技,sh,2026-04-02,
600847,万里股份,sh,2026-04-02,
600848,上海临港,sh,2026-04-02,
600850,电科数字,sh,2026-04-02,
600851,海欣股份,sh,2026-04-02,
600853,龙建股份,sh,2026-04-02,
600854,春兰股份,sh,2026-04-02,
600855,航天长峰,sh,2026-04-02,
600857,宁波中百,sh,2026-04-02,
600858,银座股份,sh,2026-04-02,
600859,王府井,sh,2026-04-02,
600860,京城股份,sh,2026-04-02,
600861,北京人力,sh,2026-04-02,
600862,中航高科,sh,2026-04-02,
600863,华能蒙电,sh,2026-04-02,
600864,哈投股份,sh,2026-04-02,
600865,百大集团,sh,2026-04-02,
600866,星湖科技,sh,2026-04-02,
600867,通化东宝,sh,2026-04-02,
600868,梅雁吉祥,sh,2026-04-02,
600869,远东股份,sh,2026-04-02,
600871,石化油服,sh,2026-04-02,
600872,中炬高新,sh,2026-04-02,
600873,梅花生物,sh,2026-04-02,
600874,创业环保,sh,2026-04-02,
600875,东方电气,sh,2026-04-02,
600876,凯盛新能,sh,2026-04-02,
600877,电科芯片,sh,2026-04-02,
600879,航天电子,sh,2026-04-02,
600880,博瑞传播,sh,2026-04-02,
600881,亚泰集团,sh,2026-04-02,
600882,妙可蓝多,sh,2026-04-02,
600883,博闻科技,sh,2026-04-02,
600884,杉杉股份,sh,2026-04-02,
600885,宏发股份,sh,2026-04-02,
600886,国投电力,sh,2026-04-02,
600887,伊利股份,sh,2026-04-02,
600888,新疆众和,sh,2026-04-02,
600889,南京化纤,sh,2026-04-02,
600893,航发动力,sh,2026-04-02,
600894,广日股份,sh,2026-04-02,
600895,张江高科,sh,2026-04-02,
600897,厦门空港,sh,2026-04-02,
600900,长江电力,sh,2026-04-02,
600901,江苏金租,sh,2026-04-02,
600903,贵州燃气,sh,2026-04-02,
600905,三峡能源,sh,2026-04-02,
600906,财达证券,sh,2026-04-02,
600908,无锡银行,sh,2026-04-02,
600909,华安证券,sh,2026-04-02,
600916,中国黄金,sh,2026-04-02,
600917,重庆燃气,sh,2026-04-02,
600918,中泰证券,sh,2026-04-02,
600919,江苏银行,sh,2026-04-02,
600925,苏能股份,sh,2026-04-02,
600926,杭州银行,sh,2026-04-02,
600927,永安期货,sh,2026-04-02,
600928,西安银行,sh,2026-04-02,
600929,雪天盐业,sh,2026-04-02,
600930,华电新能,sh,2026-04-02,
600933,爱柯迪,sh,2026-04-02,
600935,华塑股份,sh,2026-04-02,
600936,北投科技,sh,2026-04-02,
600938,中国海油,sh,2026-04-02,
600939,重庆建工,sh,2026-04-02,
600941,中国移动,sh,2026-04-02,
600955,维远股份,sh,2026-04-02,
600956,新天绿能,sh,2026-04-02,
600958,东方证券,sh,2026-04-02,
600959,江苏有线,sh,2026-04-02,
600960,渤海汽车,sh,2026-04-02,
600961,株冶集团,sh,2026-04-02,
600962,国投中鲁,sh,2026-04-02,
600963,岳阳林纸,sh,2026-04-02,
600965,福成股份,sh,2026-04-02,
600966,博汇纸业,sh,2026-04-02,
600967,内蒙一机,sh,2026-04-02,
600968,海油发展,sh,2026-04-02,
600969,郴电国际,sh,2026-04-02,
600970,中材国际,sh,2026-04-02,
600971,恒源煤电,sh,2026-04-02,
600973,宝胜股份,sh,2026-04-02,
600975,新五丰,sh,2026-04-02,
600976,健民集团,sh,2026-04-02,
600977,中国电影,sh,2026-04-02,
600979,广安爱众,sh,2026-04-02,
600980,北矿科技,sh,2026-04-02,
600981,苏豪汇鸿,sh,2026-04-02,
600982,宁波能源,sh,2026-04-02,
600983,惠而浦,sh,2026-04-02,
600984,建设机械,sh,2026-04-02,
600985,淮北矿业,sh,2026-04-02,
600986,浙文互联,sh,2026-04-02,
600987,航民股份,sh,2026-04-02,
600988,赤峰黄金,sh,2026-04-02,
600989,宝丰能源,sh,2026-04-02,
600990,四创电子,sh,2026-04-02,
600992,贵绳股份,sh,2026-04-02,
600993,马应龙,sh,2026-04-02,
600995,南网储能,sh,2026-04-02,
600996,贵广网络,sh,2026-04-02,
600997,开滦股份,sh,2026-04-02,
600998,九州通,sh,2026-04-02,
600999,招商证券,sh,2026-04-02,
601000,唐山港,sh,2026-04-02,
601001,晋控煤业,sh,2026-04-02,
601002,晋亿实业,sh,2026-04-02,
601003,柳钢股份,sh,2026-04-02,
601005,重庆钢铁,sh,2026-04-02,
601006,大秦铁路,sh,2026-04-02,
601007,金陵饭店,sh,2026-04-02,
601008,连云港,sh,2026-04-02,
601009,南京银行,sh,2026-04-02,
601010,文峰股份,sh,2026-04-02,
601011,宝泰隆,sh,2026-04-02,
601012,隆基绿能,sh,2026-04-02,
601015,陕西黑猫,sh,2026-04-02,
601016,节能风电,sh,2026-04-02,
601018,宁波港,sh,2026-04-02,
601019,山东出版,sh,2026-04-02,
601020,华钰矿业,sh,2026-04-02,
601021,春秋航空,sh,2026-04-02,
601022,宁波远洋,sh,2026-04-02,
601026,道生天合,sh,2026-04-02,
601033,永兴股份,sh,2026-04-02,
601038,一拖股份,sh,2026-04-02,
601058,赛轮轮胎,sh,2026-04-02,
601059,信达证券,sh,2026-04-02,
601061,中信金属,sh,2026-04-02,
601065,江盐集团,sh,2026-04-02,
601066,中信建投,sh,2026-04-02,
601068,中铝国际,sh,2026-04-02,
601069,西部黄金,sh,2026-04-02,
601077,渝农商行,sh,2026-04-02,
601083,锦江航运,sh,2026-04-02,
601086,国芳集团,sh,2026-04-02,
601088,中国神华,sh,2026-04-02,
601089,福元医药,sh,2026-04-02,
601096,宏盛华源,sh,2026-04-02,
601098,中南传媒,sh,2026-04-02,
601099,太平洋,sh,2026-04-02,
601100,恒立液压,sh,2026-04-02,
601101,昊华能源,sh,2026-04-02,
601106,中国一重,sh,2026-04-02,
601107,四川成渝,sh,2026-04-02,
601108,财通证券,sh,2026-04-02,
601111,中国国航,sh,2026-04-02,
601112,振石股份,sh,2026-04-02,
601113,华鼎股份,sh,2026-04-02,
601116,三江购物,sh,2026-04-02,
601117,中国化学,sh,2026-04-02,
601118,海南橡胶,sh,2026-04-02,
601121,宝地矿业,sh,2026-04-02,
601126,四方股份,sh,2026-04-02,
601127,赛力斯,sh,2026-04-02,
601128,常熟银行,sh,2026-04-02,
601133,柏诚股份,sh,2026-04-02,
601136,首创证券,sh,2026-04-02,
601137,博威合金,sh,2026-04-02,
601138,工业富联,sh,2026-04-02,
601139,深圳燃气,sh,2026-04-02,
601155,新城控股,sh,2026-04-02,
601156,东航物流,sh,2026-04-02,
601158,重庆水务,sh,2026-04-02,
601162,天风证券,sh,2026-04-02,
601163,三角轮胎,sh,2026-04-02,
601166,兴业银行,sh,2026-04-02,
601168,西部矿业,sh,2026-04-02,
601169,北京银行,sh,2026-04-02,
601177,杭齿前进,sh,2026-04-02,
601179,中国西电,sh,2026-04-02,
601186,中国铁建,sh,2026-04-02,
601187,厦门银行,sh,2026-04-02,
601188,龙江交通,sh,2026-04-02,
601198,东兴证券,sh,2026-04-02,
601199,江南水务,sh,2026-04-02,
601200,上海环境,sh,2026-04-02,
601208,东材科技,sh,2026-04-02,
601211,国泰海通,sh,2026-04-02,
601212,白银有色,sh,2026-04-02,
601216,君正集团,sh,2026-04-02,
601218,吉鑫科技,sh,2026-04-02,
601222,林洋能源,sh,2026-04-02,
601225,陕西煤业,sh,2026-04-02,
601226,华电科工,sh,2026-04-02,
601228,广州港,sh,2026-04-02,
601229,上海银行,sh,2026-04-02,
601231,环旭电子,sh,2026-04-02,
601233,桐昆股份,sh,2026-04-02,
601236,红塔证券,sh,2026-04-02,
601238,广汽集团,sh,2026-04-02,
601279,英利汽车,sh,2026-04-02,
601288,农业银行,sh,2026-04-02,
601298,青岛港,sh,2026-04-02,
601311,骆驼股份,sh,2026-04-02,
601318,中国平安,sh,2026-04-02,
601319,中国人保,sh,2026-04-02,
601326,秦港股份,sh,2026-04-02,
601328,交通银行,sh,2026-04-02,
601330,绿色动力,sh,2026-04-02,
601333,广深铁路,sh,2026-04-02,
601336,新华保险,sh,2026-04-02,
601339,百隆东方,sh,2026-04-02,
601360,三六零,sh,2026-04-02,
601366,利群股份,sh,2026-04-02,
601368,绿城水务,sh,2026-04-02,
601369,陕鼓动力,sh,2026-04-02,
601375,中原证券,sh,2026-04-02,
601377,兴业证券,sh,2026-04-02,
601388,怡球资源,sh,2026-04-02,
601390,中国中铁,sh,2026-04-02,
601398,工商银行,sh,2026-04-02,
601399,国机重装,sh,2026-04-02,
601456,国联民生,sh,2026-04-02,
601500,通用股份,sh,2026-04-02,
601512,中新集团,sh,2026-04-02,
601515,衢州东峰,sh,2026-04-02,
601518,吉林高速,sh,2026-04-02,
601519,大智慧,sh,2026-04-02,
601528,瑞丰银行,sh,2026-04-02,
601555,东吴证券,sh,2026-04-02,
601566,九牧王,sh,2026-04-02,
601567,三星医疗,sh,2026-04-02,
601568,北元集团,sh,2026-04-02,
601577,长沙银行,sh,2026-04-02,
601579,会稽山,sh,2026-04-02,
601588,北辰实业,sh,2026-04-02,
601595,上海电影,sh,2026-04-02,
601598,中国外运,sh,2026-04-02,
601599,浙文影业,sh,2026-04-02,
601600,中国铝业,sh,2026-04-02,
601601,中国太保,sh,2026-04-02,
601606,长城军工,sh,2026-04-02,
601607,上海医药,sh,2026-04-02,
601608,中信重工,sh,2026-04-02,
601609,金田股份,sh,2026-04-02,
601611,中国核建,sh,2026-04-02,
601615,明阳智能,sh,2026-04-02,
601616,广电电气,sh,2026-04-02,
601618,中国中冶,sh,2026-04-02,
601619,嘉泽新能,sh,2026-04-02,
601628,中国人寿,sh,2026-04-02,
601633,长城汽车,sh,2026-04-02,
601636,旗滨集团,sh,2026-04-02,
601658,邮储银行,sh,2026-04-02,
601665,齐鲁银行,sh,2026-04-02,
601666,平煤股份,sh,2026-04-02,
601668,中国建筑,sh,2026-04-02,
601669,中国电建,sh,2026-04-02,
601677,明泰铝业,sh,2026-04-02,
601678,滨化股份,sh,2026-04-02,
601686,友发集团,sh,2026-04-02,
601688,华泰证券,sh,2026-04-02,
601689,拓普集团,sh,2026-04-02,
601696,中银证券,sh,2026-04-02,
601698,中国卫通,sh,2026-04-02,
601699,潞安环能,sh,2026-04-02,
601700,风范股份,sh,2026-04-02,
601702,华峰铝业,sh,2026-04-02,
601717,中创智领,sh,2026-04-02,
601718,际华集团,sh,2026-04-02,
601727,上海电气,sh,2026-04-02,
601728,中国电信,sh,2026-04-02,
601766,中国中车,sh,2026-04-02,
601777,千里科技,sh,2026-04-02,
601778,晶科科技,sh,2026-04-02,
601788,光大证券,sh,2026-04-02,
601789,宁波建工,sh,2026-04-02,
601798,蓝科高新,sh,2026-04-02,
601799,星宇股份,sh,2026-04-02,
601800,中国交建,sh,2026-04-02,
601801,皖新传媒,sh,2026-04-02,
601808,中海油服,sh,2026-04-02,
601811,新华文轩,sh,2026-04-02,
601816,京沪高铁,sh,2026-04-02,
601818,光大银行,sh,2026-04-02,
601825,沪农商行,sh,2026-04-02,
601827,三峰环境,sh,2026-04-02,
601828,美凯龙,sh,2026-04-02,
601838,成都银行,sh,2026-04-02,
601857,中国石油,sh,2026-04-02,
601858,中国科传,sh,2026-04-02,
601860,紫金银行,sh,2026-04-02,
601865,福莱特,sh,2026-04-02,
601866,中远海发,sh,2026-04-02,
601868,中国能建,sh,2026-04-02,
601869,长飞光纤,sh,2026-04-02,
601872,招商轮船,sh,2026-04-02,
601877,正泰电器,sh,2026-04-02,
601878,浙商证券,sh,2026-04-02,
601880,辽港股份,sh,2026-04-02,
601881,中国银河,sh,2026-04-02,
601882,海天精工,sh,2026-04-02,
601886,江河集团,sh,2026-04-02,
601888,中国中免,sh,2026-04-02,
601890,亚星锚链,sh,2026-04-02,
601898,中煤能源,sh,2026-04-02,
601899,紫金矿业,sh,2026-04-02,
601900,南方传媒,sh,2026-04-02,
601901,方正证券,sh,2026-04-02,
601908,京运通,sh,2026-04-02,
601916,浙商银行,sh,2026-04-02,
601918,新集能源,sh,2026-04-02,
601919,中远海控,sh,2026-04-02,
601921,浙版传媒,sh,2026-04-02,
601928,凤凰传媒,sh,2026-04-02,
601929,吉视传媒,sh,2026-04-02,
601933,永辉超市,sh,2026-04-02,
601939,建设银行,sh,2026-04-02,
601949,中国出版,sh,2026-04-02,
601952,苏垦农发,sh,2026-04-02,
601956,东贝集团,sh,2026-04-02,
601958,金钼股份,sh,2026-04-02,
601963,重庆银行,sh,2026-04-02,
601965,中国汽研,sh,2026-04-02,
601966,玲珑轮胎,sh,2026-04-02,
601968,宝钢包装,sh,2026-04-02,
601969,海南矿业,sh,2026-04-02,
601975,招商南油,sh,2026-04-02,
601985,中国核电,sh,2026-04-02,
601988,中国银行,sh,2026-04-02,
601990,南京证券,sh,2026-04-02,
601991,大唐发电,sh,2026-04-02,
601992,金隅集团,sh,2026-04-02,
601995,中金公司,sh,2026-04-02,
601996,丰林集团,sh,2026-04-02,
601997,贵阳银行,sh,2026-04-02,
601998,中信银行,sh,2026-04-02,
601999,出版传媒,sh,2026-04-02,
603000,人民网,sh,2026-04-02,
603001,奥康国际,sh,2026-04-02,
603002,宏昌电子,sh,2026-04-02,
603004,鼎龙科技,sh,2026-04-02,
603005,晶方科技,sh,2026-04-02,
603006,联明股份,sh,2026-04-02,
603008,喜临门,sh,2026-04-02,
603009,北特科技,sh,2026-04-02,
603010,万盛股份,sh,2026-04-02,
603011,合锻智能,sh,2026-04-02,
603012,创力集团,sh,2026-04-02,
603013,亚普股份,sh,2026-04-02,
603014,威高血净,sh,2026-04-02,
603015,弘讯科技,sh,2026-04-02,
603016,新宏泰,sh,2026-04-02,
603017,中衡设计,sh,2026-04-02,
603018,华设集团,sh,2026-04-02,
603019,中科曙光,sh,2026-04-02,
603020,爱普股份,sh,2026-04-02,
603022,新通联,sh,2026-04-02,
603023,威帝股份,sh,2026-04-02,
603025,大豪科技,sh,2026-04-02,
603026,石大胜华,sh,2026-04-02,
603027,千禾味业,sh,2026-04-02,
603028,赛福天,sh,2026-04-02,
603029,天鹅股份,sh,2026-04-02,
603030,全筑股份,sh,2026-04-02,
603031,安孚科技,sh,2026-04-02,
603032,德新科技,sh,2026-04-02,
603033,三维股份,sh,2026-04-02,
603035,常熟汽饰,sh,2026-04-02,
603036,如通股份,sh,2026-04-02,
603037,凯众股份,sh,2026-04-02,
603038,华立股份,sh,2026-04-02,
603039,泛微网络,sh,2026-04-02,
603040,新坐标,sh,2026-04-02,
603041,美思德,sh,2026-04-02,
603042,华脉科技,sh,2026-04-02,
603043,广州酒家,sh,2026-04-02,
603045,福达合金,sh,2026-04-02,
603048,浙江黎明,sh,2026-04-02,
603049,中策橡胶,sh,2026-04-02,
603050,科林电气,sh,2026-04-02,
603051,鹿山新材,sh,2026-04-02,
603052,可川科技,sh,2026-04-02,
603053,成都燃气,sh,2026-04-02,
603055,台华新材,sh,2026-04-02,
603057,紫燕食品,sh,2026-04-02,
603058,永吉股份,sh,2026-04-02,
603059,倍加洁,sh,2026-04-02,
603060,国检集团,sh,2026-04-02,
603061,金海通,sh,2026-04-02,
603062,麦加芯彩,sh,2026-04-02,
603063,禾望电气,sh,2026-04-02,
603065,宿迁联盛,sh,2026-04-02,
603066,音飞储存,sh,2026-04-02,
603067,振华股份,sh,2026-04-02,
603068,博通集成,sh,2026-04-02,
603069,海汽集团,sh,2026-04-02,
603070,万控智造,sh,2026-04-02,
603071,物产环能,sh,2026-04-02,
603072,天和磁材,sh,2026-04-02,
603073,彩蝶实业,sh,2026-04-02,
603075,热威股份,sh,2026-04-02,
603076,乐惠国际,sh,2026-04-02,
603077,和邦生物,sh,2026-04-02,
603078,江化微,sh,2026-04-02,
603079,圣达生物,sh,2026-04-02,
603080,新疆火炬,sh,2026-04-02,
603081,大丰实业,sh,2026-04-02,
603082,北自科技,sh,2026-04-02,
603083,剑桥科技,sh,2026-04-02,
603085,天成自控,sh,2026-04-02,
603086,先达股份,sh,2026-04-02,
603087,甘李药业,sh,2026-04-02,
603088,宁波精达,sh,2026-04-02,
603089,正裕工业,sh,2026-04-02,
603090,宏盛股份,sh,2026-04-02,
603091,众鑫股份,sh,2026-04-02,
603092,德力佳,sh,2026-04-02,
603093,南华期货,sh,2026-04-02,
603095,越剑智能,sh,2026-04-02,
603096,新经典,sh,2026-04-02,
603097,江苏华辰,sh,2026-04-02,
603098,森特股份,sh,2026-04-02,
603099,长白山,sh,2026-04-02,
603100,川仪股份,sh,2026-04-02,
603101,汇嘉时代,sh,2026-04-02,
603102,百合股份,sh,2026-04-02,
603103,横店影视,sh,2026-04-02,
603105,芯能科技,sh,2026-04-02,
603106,恒银科技,sh,2026-04-02,
603107,上海汽配,sh,2026-04-02,
603108,润达医疗,sh,2026-04-02,
603109,神驰机电,sh,2026-04-02,
603110,东方材料,sh,2026-04-02,
603111,康尼机电,sh,2026-04-02,
603112,华翔股份,sh,2026-04-02,
603113,金能科技,sh,2026-04-02,
603115,海星股份,sh,2026-04-02,
603116,红蜻蜓,sh,2026-04-02,
603117,万林物流,sh,2026-04-02,
603118,共进股份,sh,2026-04-02,
603119,浙江荣泰,sh,2026-04-02,
603120,肯特催化,sh,2026-04-02,
603121,华培动力,sh,2026-04-02,
603122,合富中国,sh,2026-04-02,
603123,翠微股份,sh,2026-04-02,
603124,江南新材,sh,2026-04-02,
603125,常青科技,sh,2026-04-02,
603126,中材节能,sh,2026-04-02,
603127,昭衍新药,sh,2026-04-02,
603128,华贸物流,sh,2026-04-02,
603129,春风动力,sh,2026-04-02,
603130,云中马,sh,2026-04-02,
603131,上海沪工,sh,2026-04-02,
603132,金徽股份,sh,2026-04-02,
603135,中重科技,sh,2026-04-02,
603136,天目湖,sh,2026-04-02,
603137,恒尚节能,sh,2026-04-02,
603138,海量数据,sh,2026-04-02,
603139,康惠股份,sh,2026-04-02,
603150,万朗磁塑,sh,2026-04-02,
603151,邦基科技,sh,2026-04-02,
603153,上海建科,sh,2026-04-02,
603155,新亚强,sh,2026-04-02,
603156,养元饮品,sh,2026-04-02,
603158,腾龙股份,sh,2026-04-02,
603159,上海亚虹,sh,2026-04-02,
603160,汇顶科技,sh,2026-04-02,
603161,科华控股,sh,2026-04-02,
603162,海通发展,sh,2026-04-02,
603163,圣晖集成,sh,2026-04-02,
603165,荣晟环保,sh,2026-04-02,
603166,福达股份,sh,2026-04-02,
603167,渤海轮渡,sh,2026-04-02,
603168,莎普爱思,sh,2026-04-02,
603169,兰石重装,sh,2026-04-02,
603170,宝立食品,sh,2026-04-02,
603171,税友股份,sh,2026-04-02,
603172,万丰股份,sh,2026-04-02,
603173,福斯达,sh,2026-04-02,
603175,超颖电子,sh,2026-04-02,
603176,汇通集团,sh,2026-04-02,
603177,德创环保,sh,2026-04-02,
603178,圣龙股份,sh,2026-04-02,
603179,新泉股份,sh,2026-04-02,
603180,金牌家居,sh,2026-04-02,
603181,皇马科技,sh,2026-04-02,
603182,嘉华股份,sh,2026-04-02,
603183,建研院,sh,2026-04-02,
603185,弘元绿能,sh,2026-04-02,
603186,华正新材,sh,2026-04-02,
603187,海容冷链,sh,2026-04-02,
603188,亚邦股份,sh,2026-04-02,
603189,网达软件,sh,2026-04-02,
603190,亚通精工,sh,2026-04-02,
603191,望变电气,sh,2026-04-02,
603192,汇得科技,sh,2026-04-02,
603193,润本股份,sh,2026-04-02,
603194,中力股份,sh,2026-04-02,
603195,公牛集团,sh,2026-04-02,
603196,璞源材料,sh,2026-04-02,
603197,保隆科技,sh,2026-04-02,
603198,迎驾贡酒,sh,2026-04-02,
603199,九华旅游,sh,2026-04-02,
603200,上海洗霸,sh,2026-04-02,
603201,常润股份,sh,2026-04-02,
603202,天有为,sh,2026-04-02,
603203,快克智能,sh,2026-04-02,
603205,健尔康,sh,2026-04-02,
603206,嘉环科技,sh,2026-04-02,
603207,小方制药,sh,2026-04-02,
603208,江山欧派,sh,2026-04-02,
603209,兴通股份,sh,2026-04-02,
603210,泰鸿万立,sh,2026-04-02,
603211,晋拓股份,sh,2026-04-02,
603212,赛伍技术,sh,2026-04-02,
603213,镇洋发展,sh,2026-04-02,
603214,爱婴室,sh,2026-04-02,
603215,比依股份,sh,2026-04-02,
603216,梦天家居,sh,2026-04-02,
603217,元利科技,sh,2026-04-02,
603218,日月股份,sh,2026-04-02,
603219,富佳股份,sh,2026-04-02,
603220,中贝通信,sh,2026-04-02,
603221,爱丽家居,sh,2026-04-02,
603222,济民健康,sh,2026-04-02,
603223,恒通股份,sh,2026-04-02,
603225,新凤鸣,sh,2026-04-02,
603226,菲林格尔,sh,2026-04-02,
603227,雪峰科技,sh,2026-04-02,
603228,景旺电子,sh,2026-04-02,
603229,奥翔药业,sh,2026-04-02,
603230,内蒙新华,sh,2026-04-02,
603231,索宝蛋白,sh,2026-04-02,
603232,格尔软件,sh,2026-04-02,
603233,大参林,sh,2026-04-02,
603235,天新药业,sh,2026-04-02,
603236,移远通信,sh,2026-04-02,
603237,五芳斋,sh,2026-04-02,
603238,诺邦股份,sh,2026-04-02,
603239,浙江仙通,sh,2026-04-02,
603248,锡华科技,sh,2026-04-02,
603255,鼎际得,sh,2026-04-02,
603256,宏和科技,sh,2026-04-02,
603257,中国瑞林,sh,2026-04-02,
603258,电魂网络,sh,2026-04-02,
603259,药明康德,sh,2026-04-02,
603260,合盛硅业,sh,2026-04-02,
603262,技源集团,sh,2026-04-02,
603266,天龙股份,sh,2026-04-02,
603267,鸿远电子,sh,2026-04-02,
603269,海鸥股份,sh,2026-04-02,
603270,金帝股份,sh,2026-04-02,
603271,永杰新材,sh,2026-04-02,
603272,联翔股份,sh,2026-04-02,
603273,天元智能,sh,2026-04-02,
603275,众辰科技,sh,2026-04-02,
603276,恒兴新材,sh,2026-04-02,
603277,银都股份,sh,2026-04-02,
603278,大业股份,sh,2026-04-02,
603279,景津装备,sh,2026-04-02,
603280,南方路机,sh,2026-04-02,
603281,江瀚新材,sh,2026-04-02,
603282,亚光股份,sh,2026-04-02,
603283,赛腾股份,sh,2026-04-02,
603284,林平发展,sh,2026-04-02,
603285,键邦股份,sh,2026-04-02,
603286,日盈电子,sh,2026-04-02,
603288,海天味业,sh,2026-04-02,
603289,泰瑞机器,sh,2026-04-02,
603290,斯达半导,sh,2026-04-02,
603291,联合水务,sh,2026-04-02,
603296,华勤技术,sh,2026-04-02,
603297,永新光学,sh,2026-04-02,
603298,杭叉集团,sh,2026-04-02,
603299,苏盐井神,sh,2026-04-02,
603300,海南华铁,sh,2026-04-02,
603301,振德医疗,sh,2026-04-02,
603303,得邦照明,sh,2026-04-02,
603305,旭升集团,sh,2026-04-02,
603306,华懋科技,sh,2026-04-02,
603307,扬州金泉,sh,2026-04-02,
603308,应流股份,sh,2026-04-02,
603309,维力医疗,sh,2026-04-02,
603310,巍华新材,sh,2026-04-02,
603311,金海高科,sh,2026-04-02,
603312,西典新能,sh,2026-04-02,
603313,梦百合,sh,2026-04-02,
603315,福鞍股份,sh,2026-04-02,
603316,诚邦股份,sh,2026-04-02,
603317,天味食品,sh,2026-04-02,
603318,水发燃气,sh,2026-04-02,
603319,美湖股份,sh,2026-04-02,
603320,迪贝电气,sh,2026-04-02,
603321,梅轮电梯,sh,2026-04-02,
603322,超讯通信,sh,2026-04-02,
603323,苏农银行,sh,2026-04-02,
603324,盛剑科技,sh,2026-04-02,
603325,博隆技术,sh,2026-04-02,
603326,我乐家居,sh,2026-04-02,
603327,福蓉科技,sh,2026-04-02,
603328,依顿电子,sh,2026-04-02,
603329,上海雅仕,sh,2026-04-02,
603330,天洋新材,sh,2026-04-02,
603331,百达精工,sh,2026-04-02,
603332,苏州龙杰,sh,2026-04-02,
603333,尚纬股份,sh,2026-04-02,
603334,丰倍生物,sh,2026-04-02,
603335,迪生力,sh,2026-04-02,
603336,宏辉果蔬,sh,2026-04-02,
603337,杰克科技,sh,2026-04-02,
603338,浙江鼎力,sh,2026-04-02,
603339,四方科技,sh,2026-04-02,
603341,龙旗科技,sh,2026-04-02,
603344,星德胜,sh,2026-04-02,
603345,安井食品,sh,2026-04-02,
603348,文灿股份,sh,2026-04-02,
603350,安乃达,sh,2026-04-02,
603351,威尔药业,sh,2026-04-02,
603352,至信股份,sh,2026-04-02,
603353,和顺石油,sh,2026-04-02,
603355,莱克电气,sh,2026-04-02,
603356,华菱精工,sh,2026-04-02,
603357,设计总院,sh,2026-04-02,
603358,华达科技,sh,2026-04-02,
603359,东珠生态,sh,2026-04-02,
603360,百傲化学,sh,2026-04-02,
603363,傲农生物,sh,2026-04-02,
603365,水星家纺,sh,2026-04-02,
603366,日出东方,sh,2026-04-02,
603367,辰欣药业,sh,2026-04-02,
603368,柳药集团,sh,2026-04-02,
603369,今世缘,sh,2026-04-02,
603370,华新精科,sh,2026-04-02,
603373,安邦护卫,sh,2026-04-02,
603375,盛景微,sh,2026-04-02,
603376,大明电子,sh,2026-04-02,
603378,亚士创能,sh,2026-04-02,
603379,三美股份,sh,2026-04-02,
603380,易德龙,sh,2026-04-02,
603381,永臻股份,sh,2026-04-02,
603382,海阳科技,sh,2026-04-02,
603383,顶点软件,sh,2026-04-02,
603385,惠达卫浴,sh,2026-04-02,
603386,骏亚科技,sh,2026-04-02,
603387,基蛋生物,sh,2026-04-02,
603390,通达电气,sh,2026-04-02,
603391,力聚热能,sh,2026-04-02,
603392,万泰生物,sh,2026-04-02,
603393,新天然气,sh,2026-04-02,
603395,红四方,sh,2026-04-02,
603396,金辰股份,sh,2026-04-02,
603399,永杉锂业,sh,2026-04-02,
603400,华之杰,sh,2026-04-02,
603402,陕西旅游,sh,2026-04-02,
603406,天富龙,sh,2026-04-02,
603408,建霖家居,sh,2026-04-02,
603409,汇通控股,sh,2026-04-02,
603416,信捷电气,sh,2026-04-02,
603418,友升股份,sh,2026-04-02,
603421,鼎信通讯,sh,2026-04-02,
603439,三力制药,sh,2026-04-02,
603444,吉比特,sh,2026-04-02,
603456,九洲药业,sh,2026-04-02,
603458,勘设股份,sh,2026-04-02,
603459,N红板,sh,,2026-04-09
603466,风语筑,sh,2026-04-02,
603477,巨星农牧,sh,2026-04-02,
603486,科沃斯,sh,2026-04-02,
603488,展鹏科技,sh,2026-04-02,
603489,八方股份,sh,2026-04-02,
603496,恒为科技,sh,2026-04-02,
603499,翔港科技,sh,2026-04-02,
603500,祥和实业,sh,2026-04-02,
603501,豪威集团,sh,2026-04-02,
603505,金石资源,sh,2026-04-02,
603506,南都物业,sh,2026-04-02,
603507,振江股份,sh,2026-04-02,
603508,思维列控,sh,2026-04-02,
603511,爱慕股份,sh,2026-04-02,
603515,欧普照明,sh,2026-04-02,
603516,淳中科技,sh,2026-04-02,
603518,锦泓集团,sh,2026-04-02,
603519,立霸股份,sh,2026-04-02,
603520,司太立,sh,2026-04-02,
603527,众源新材,sh,2026-04-02,
603528,多伦科技,sh,2026-04-02,
603529,爱玛科技,sh,2026-04-02,
603530,神马电力,sh,2026-04-02,
603533,掌阅科技,sh,2026-04-02,
603535,嘉诚国际,sh,2026-04-02,
603536,惠发食品,sh,2026-04-02,
603538,美诺华,sh,2026-04-02,
603551,奥普科技,sh,2026-04-02,
603556,海兴电力,sh,2026-04-02,
603558,健盛集团,sh,2026-04-02,
603565,中谷物流,sh,2026-04-02,
603566,普莱柯,sh,2026-04-02,
603567,珍宝岛,sh,2026-04-02,
603568,伟明环保,sh,2026-04-02,
603569,长久物流,sh,2026-04-02,
603577,汇金通,sh,2026-04-02,
603578,三星新材,sh,2026-04-02,
603579,荣泰健康,sh,2026-04-02,
603583,捷昌驱动,sh,2026-04-02,
603585,苏利股份,sh,2026-04-02,
603586,金麒麟,sh,2026-04-02,
603587,地素时尚,sh,2026-04-02,
603588,高能环境,sh,2026-04-02,
603589,口子窖,sh,2026-04-02,
603590,康辰药业,sh,2026-04-02,
603596,伯特利,sh,2026-04-02,
603598,引力传媒,sh,2026-04-02,
603599,广信股份,sh,2026-04-02,
603600,永艺股份,sh,2026-04-02,
603601,再升科技,sh,2026-04-02,
603602,纵横通信,sh,2026-04-02,
603605,珀莱雅,sh,2026-04-02,
603606,东方电缆,sh,2026-04-02,
603607,京华激光,sh,2026-04-02,
603608,天创时尚,sh,2026-04-02,
603609,禾丰股份,sh,2026-04-02,
603610,麒盛科技,sh,2026-04-02,
603611,诺力股份,sh,2026-04-02,
603612,索通发展,sh,2026-04-02,
603613,国联股份,sh,2026-04-02,
603615,茶花股份,sh,2026-04-02,
603616,韩建河山,sh,2026-04-02,
603617,君禾股份,sh,2026-04-02,
603618,杭电股份,sh,2026-04-02,
603619,中曼石油,sh,2026-04-02,
603626,科森科技,sh,2026-04-02,
603628,清源股份,sh,2026-04-02,
603629,利通电子,sh,2026-04-02,
603630,拉芳家化,sh,2026-04-02,
603633,徕木股份,sh,2026-04-02,
603636,南威软件,sh,2026-04-02,
603637,镇海股份,sh,2026-04-02,
603638,艾迪精密,sh,2026-04-02,
603639,海利尔,sh,2026-04-02,
603648,畅联股份,sh,2026-04-02,
603650,彤程新材,sh,2026-04-02,
603655,朗博科技,sh,2026-04-02,
603656,泰禾智能,sh,2026-04-02,
603657,春光科技,sh,2026-04-02,
603658,安图生物,sh,2026-04-02,
603659,璞泰来,sh,2026-04-02,
603660,苏州科达,sh,2026-04-02,
603661,恒林股份,sh,2026-04-02,
603662,柯力传感,sh,2026-04-02,
603663,三祥新材,sh,2026-04-02,
603665,康隆达,sh,2026-04-02,
603666,亿嘉和,sh,2026-04-02,
603667,五洲新春,sh,2026-04-02,
603668,天马科技,sh,2026-04-02,
603669,灵康药业,sh,2026-04-02,
603676,卫信康,sh,2026-04-02,
603677,奇精机械,sh,2026-04-02,
603678,火炬电子,sh,2026-04-02,
603679,华体科技,sh,2026-04-02,
603680,今创集团,sh,2026-04-02,
603681,永冠新材,sh,2026-04-02,
603682,锦和商管,sh,2026-04-02,
603683,晶华新材,sh,2026-04-02,
603685,晨丰科技,sh,2026-04-02,
603686,福龙马,sh,2026-04-02,
603687,大胜达,sh,2026-04-02,
603688,石英股份,sh,2026-04-02,
603689,皖天然气,sh,2026-04-02,
603690,至纯科技,sh,2026-04-02,
603693,江苏新能,sh,2026-04-02,
603696,安记食品,sh,2026-04-02,
603697,有友食品,sh,2026-04-02,
603698,航天工程,sh,2026-04-02,
603699,纽威股份,sh,2026-04-02,
603700,宁水集团,sh,2026-04-02,
603701,德宏股份,sh,2026-04-02,
603703,盛洋科技,sh,2026-04-02,
603706,东方环宇,sh,2026-04-02,
603707,健友股份,sh,2026-04-02,
603708,家家悦,sh,2026-04-02,
603709,中源家居,sh,2026-04-02,
603711,香飘飘,sh,2026-04-02,
603712,七一二,sh,2026-04-02,
603713,密尔克卫,sh,2026-04-02,
603716,塞力医疗,sh,2026-04-02,
603717,天域生物,sh,2026-04-02,
603718,海利生物,sh,2026-04-02,
603719,良品铺子,sh,2026-04-02,
603722,阿科力,sh,2026-04-02,
603725,天安新材,sh,2026-04-02,
603726,朗迪集团,sh,2026-04-02,
603727,博迈科,sh,2026-04-02,
603728,鸣志电器,sh,2026-04-02,
603729,龙韵股份,sh,2026-04-02,
603730,岱美股份,sh,2026-04-02,
603733,仙鹤股份,sh,2026-04-02,
603737,三棵树,sh,2026-04-02,
603738,泰晶科技,sh,2026-04-02,
603739,蔚蓝生物,sh,2026-04-02,
603755,日辰股份,sh,2026-04-02,
603757,大元泵业,sh,2026-04-02,
603758,秦安股份,sh,2026-04-02,
603759,海天股份,sh,2026-04-02,
603766,隆鑫通用,sh,2026-04-02,
603767,中马传动,sh,2026-04-02,
603768,常青股份,sh,2026-04-02,
603773,沃格光电,sh,2026-04-02,
603776,永安行,sh,2026-04-02,
603777,来伊份,sh,2026-04-02,
603778,国晟科技,sh,2026-04-02,
603779,威龙股份,sh,2026-04-02,
603786,科博达,sh,2026-04-02,
603787,新日股份,sh,2026-04-02,
603788,宁波高发,sh,2026-04-02,
603790,雅运股份,sh,2026-04-02,
603797,联泰环保,sh,2026-04-02,
603798,康普顿,sh,2026-04-02,
603799,华友钴业,sh,2026-04-02,
603800,洪田股份,sh,2026-04-02,
603801,志邦家居,sh,2026-04-02,
603803,瑞斯康达,sh,2026-04-02,
603806,福斯特,sh,2026-04-02,
603808,歌力思,sh,2026-04-02,
603809,豪能股份,sh,2026-04-02,
603810,丰山集团,sh,2026-04-02,
603811,诚意药业,sh,2026-04-02,
603815,交建股份,sh,2026-04-02,
603816,顾家家居,sh,2026-04-02,
603817,海峡环保,sh,2026-04-02,
603818,曲美家居,sh,2026-04-02,
603819,神力股份,sh,2026-04-02,
603823,百合花,sh,2026-04-02,
603826,坤彩科技,sh,2026-04-02,
603829,洛凯股份,sh,2026-04-02,
603833,欧派家居,sh,2026-04-02,
603836,海程邦达,sh,2026-04-02,
603839,安正时尚,sh,2026-04-02,
603848,好太太,sh,2026-04-02,
603855,华荣股份,sh,2026-04-02,
603856,东宏股份,sh,2026-04-02,
603858,步长制药,sh,2026-04-02,
603859,能科科技,sh,2026-04-02,
603860,中公高科,sh,2026-04-02,
603861,白云电器,sh,2026-04-02,
603863,松炀资源,sh,2026-04-02,
603866,桃李面包,sh,2026-04-02,
603867,新化股份,sh,2026-04-02,
603868,飞科电器,sh,2026-04-02,
603871,嘉友国际,sh,2026-04-02,
603876,鼎胜新材,sh,2026-04-02,
603877,太平鸟,sh,2026-04-02,
603878,武进不锈,sh,2026-04-02,
603879,永悦科技,sh,2026-04-02,
603880,南卫股份,sh,2026-04-02,
603881,数据港,sh,2026-04-02,
603882,金域医学,sh,2026-04-02,
603883,老百姓,sh,2026-04-02,
603885,吉祥航空,sh,2026-04-02,
603886,元祖股份,sh,2026-04-02,
603887,城地香江,sh,2026-04-02,
603888,新华网,sh,2026-04-02,
603889,新澳股份,sh,2026-04-02,
603890,春秋电子,sh,2026-04-02,
603893,瑞芯微,sh,2026-04-02,
603895,天永智能,sh,2026-04-02,
603896,寿仙谷,sh,2026-04-02,
603897,长城科技,sh,2026-04-02,
603898,好莱客,sh,2026-04-02,
603899,晨光股份,sh,2026-04-02,
603900,莱绅通灵,sh,2026-04-02,
603901,永创智能,sh,2026-04-02,
603903,中持股份,sh,2026-04-02,
603906,龙蟠科技,sh,2026-04-02,
603908,牧高笛,sh,2026-04-02,
603909,建发合诚,sh,2026-04-02,
603912,佳力图,sh,2026-04-02,
603915,国茂股份,sh,2026-04-02,
603916,苏博特,sh,2026-04-02,
603917,合力科技,sh,2026-04-02,
603918,金桥信息,sh,2026-04-02,
603919,金徽酒,sh,2026-04-02,
603920,世运电路,sh,2026-04-02,
603922,金鸿顺,sh,2026-04-02,
603926,铁流股份,sh,2026-04-02,
603927,中科软,sh,2026-04-02,
603928,兴业股份,sh,2026-04-02,
603929,亚翔集成,sh,2026-04-02,
603931,格林达,sh,2026-04-02,
603933,睿能科技,sh,2026-04-02,
603936,博敏电子,sh,2026-04-02,
603937,丽岛新材,sh,2026-04-02,
603938,三孚股份,sh,2026-04-02,
603939,益丰药房,sh,2026-04-02,
603948,建业股份,sh,2026-04-02,
603949,雪龙集团,sh,2026-04-02,
603950,长源东谷,sh,2026-04-02,
603955,大千生态,sh,2026-04-02,
603956,威派格,sh,2026-04-02,
603958,哈森股份,sh,2026-04-02,
603959,百利科技,sh,2026-04-02,
603960,克来机电,sh,2026-04-02,
603966,法兰泰克,sh,2026-04-02,
603967,中创物流,sh,2026-04-02,
603968,醋化股份,sh,2026-04-02,
603969,银龙股份,sh,2026-04-02,
603970,中农立华,sh,2026-04-02,
603976,正川股份,sh,2026-04-02,
603977,国泰集团,sh,2026-04-02,
603978,深圳新星,sh,2026-04-02,
603979,金诚信,sh,2026-04-02,
603980,吉华集团,sh,2026-04-02,
603982,泉峰汽车,sh,2026-04-02,
603983,丸美生物,sh,2026-04-02,
603985,恒润股份,sh,2026-04-02,
603986,兆易创新,sh,2026-04-02,
603987,康德莱,sh,2026-04-02,
603988,中电电机,sh,2026-04-02,
603989,艾华集团,sh,2026-04-02,
603990,麦迪科技,sh,2026-04-02,
603991,至正股份,sh,2026-04-02,
603992,松霖科技,sh,2026-04-02,
603993,洛阳钼业,sh,2026-04-02,
603995,甬金股份,sh,2026-04-02,
603997,继峰股份,sh,2026-04-02,
603998,方盛制药,sh,2026-04-02,
603999,读者传媒,sh,2026-04-02,
605001,威奥股份,sh,2026-04-02,
605003,众望布艺,sh,2026-04-02,
605005,合兴股份,sh,2026-04-02,
605006,山东玻纤,sh,2026-04-02,
605007,五洲特纸,sh,2026-04-02,
605008,长鸿高科,sh,2026-04-02,
605009,豪悦护理,sh,2026-04-02,
605011,杭州热电,sh,2026-04-02,
605016,百龙创园,sh,2026-04-02,
605018,长华集团,sh,2026-04-02,
605020,永和股份,sh,2026-04-02,
605028,世茂能源,sh,2026-04-02,
605033,美邦股份,sh,2026-04-02,
605050,福然德,sh,2026-04-02,
605055,迎丰股份,sh,2026-04-02,
605056,咸亨国际,sh,2026-04-02,
605058,澳弘电子,sh,2026-04-02,
605060,联德股份,sh,2026-04-02,
605066,天正电气,sh,2026-04-02,
605068,明新旭腾,sh,2026-04-02,
605069,正和生态,sh,2026-04-02,
605077,华康股份,sh,2026-04-02,
605080,浙江自然,sh,2026-04-02,
605086,龙高股份,sh,2026-04-02,
605088,冠盛股份,sh,2026-04-02,
605089,味知香,sh,2026-04-02,
605090,九丰能源,sh,2026-04-02,
605098,行动教育,sh,2026-04-02,
605099,共创草坪,sh,2026-04-02,
605100,华丰股份,sh,2026-04-02,
605108,同庆楼,sh,2026-04-02,
605111,新洁能,sh,2026-04-02,
605116,奥锐特,sh,2026-04-02,
605117,德业股份,sh,2026-04-02,
605118,力鼎光电,sh,2026-04-02,
605122,四方新材,sh,2026-04-02,
605123,派克新材,sh,2026-04-02,
605128,上海沿浦,sh,2026-04-02,
605133,嵘泰股份,sh,2026-04-02,
605136,丽人丽妆,sh,2026-04-02,
605138,盛泰集团,sh,2026-04-02,
605151,西上海,sh,2026-04-02,
605155,西大门,sh,2026-04-02,
605158,华达新材,sh,2026-04-02,
605162,新中港,sh,2026-04-02,
605166,聚合顺,sh,2026-04-02,
605167,利柏特,sh,2026-04-02,
605168,三人行,sh,2026-04-02,
605169,洪通燃气,sh,2026-04-02,
605177,东亚药业,sh,2026-04-02,
605178,时空科技,sh,2026-04-02,
605179,一鸣食品,sh,2026-04-02,
605180,华生科技,sh,2026-04-02,
605183,确成股份,sh,2026-04-02,
605186,健麾信息,sh,2026-04-02,
605188,国光连锁,sh,2026-04-02,
605189,富春染织,sh,2026-04-02,
605196,华通线缆,sh,2026-04-02,
605198,安德利,sh,2026-04-02,
605208,永茂泰,sh,2026-04-02,
605218,伟时电子,sh,2026-04-02,
605222,起帆电缆,sh,2026-04-02,
605228,神通科技,sh,2026-04-02,
605255,天普股份,sh,2026-04-02,
605258,协和电子,sh,2026-04-02,
605259,绿田机械,sh,2026-04-02,
605266,健之佳,sh,2026-04-02,
605268,王力安防,sh,2026-04-02,
605277,新亚电子,sh,2026-04-02,
605286,同力天启,sh,2026-04-02,
605287,德才股份,sh,2026-04-02,
605288,凯迪股份,sh,2026-04-02,
605289,罗曼股份,sh,2026-04-02,
605296,神农集团,sh,2026-04-02,
605298,必得科技,sh,2026-04-02,
605299,舒华体育,sh,2026-04-02,
605300,佳禾食品,sh,2026-04-02,
605303,园林股份,sh,2026-04-02,
605305,中际联合,sh,2026-04-02,
605318,法狮龙,sh,2026-04-02,
605319,无锡振华,sh,2026-04-02,
605333,沪光股份,sh,2026-04-02,
605336,帅丰电器,sh,2026-04-02,
605337,李子园,sh,2026-04-02,
605338,巴比食品,sh,2026-04-02,
605339,南侨食品,sh,2026-04-02,
605358,立昂微,sh,2026-04-02,
605365,立达信,sh,2026-04-02,
605366,宏柏新材,sh,2026-04-02,
605368,蓝天燃气,sh,2026-04-02,
605369,拱东医疗,sh,2026-04-02,
605376,博迁新材,sh,2026-04-02,
605377,华旺科技,sh,2026-04-02,
605378,野马电池,sh,2026-04-02,
605388,均瑶健康,sh,2026-04-02,
605389,长龄液压,sh,2026-04-02,
605398,新炬网络,sh,2026-04-02,
605399,晨光新材,sh,2026-04-02,
605488,福莱新材,sh,2026-04-02,
605499,东鹏饮料,sh,2026-04-02,
605500,森林包装,sh,2026-04-02,
605507,国邦医药,sh,2026-04-02,
605555,德昌股份,sh,2026-04-02,
605566,福莱蒽特,sh,2026-04-02,
605567,春雪食品,sh,2026-04-02,
605577,龙版传媒,sh,2026-04-02,
605580,恒盛能源,sh,2026-04-02,
605588,冠石科技,sh,2026-04-02,
605589,圣泉集团,sh,2026-04-02,
605598,上海港湾,sh,2026-04-02,
605599,菜百股份,sh,2026-04-02,
